"play_id","half","time_remaining_half","secs_remaining","description","home_score","away_score","away","home","home_favored_by","game_id"
1,1,"20:00",2400,"PLAY",0,0,"Vermont","Kentucky",12,"400987159"
2,1,"20:00",2400,"Jump Ball won by Kentucky",0,0,"Vermont","Kentucky",12,"400987159"
3,1,"19:30",2370,"Nick Richards missed Layup.",0,0,"Vermont","Kentucky",12,"400987159"
4,1,"19:30",2370,"Ernie Duncan Block.",0,0,"Vermont","Kentucky",12,"400987159"
5,1,"19:30",2370,"Nick Richards Offensive Rebound.",0,0,"Vermont","Kentucky",12,"400987159"
6,1,"19:30",2370,"Kentucky  Turnover.",0,0,"Vermont","Kentucky",12,"400987159"
7,1,"19:14",2354,"Trae Bell-Haynes made Layup.",0,2,"Vermont","Kentucky",12,"400987159"
8,1,"19:03",2343,"Quade Green missed Three Point Jumper.",0,2,"Vermont","Kentucky",12,"400987159"
9,1,"19:03",2343,"Vermont Defensive Rebound.",0,2,"Vermont","Kentucky",12,"400987159"
10,1,"19:03",2343,"Foul on Nick Richards.",0,2,"Vermont","Kentucky",12,"400987159"
11,1,"18:50",2330,"Payton Henson missed Jumper.",0,2,"Vermont","Kentucky",12,"400987159"
12,1,"18:50",2330,"PJ Washington Block.",0,2,"Vermont","Kentucky",12,"400987159"
13,1,"18:50",2330,"Nick Richards Defensive Rebound.",0,2,"Vermont","Kentucky",12,"400987159"
14,1,"18:34",2314,"Kevin Knox made Jumper. Assisted by Hamidou Diallo.",2,2,"Vermont","Kentucky",12,"400987159"
15,1,"18:09",2289,"Trae Bell-Haynes missed Three Point Jumper.",2,2,"Vermont","Kentucky",12,"400987159"
16,1,"18:09",2289,"Kevin Knox Defensive Rebound.",2,2,"Vermont","Kentucky",12,"400987159"
17,1,"18:00",2280,"Foul on Trae Bell-Haynes.",2,2,"Vermont","Kentucky",12,"400987159"
18,1,"18:00",2280,"Hamidou Diallo made Free Throw.",3,2,"Vermont","Kentucky",12,"400987159"
19,1,"18:00",2280,"Hamidou Diallo missed Free Throw.",3,2,"Vermont","Kentucky",12,"400987159"
20,1,"18:00",2280,"Everett Duncan Defensive Rebound.",3,2,"Vermont","Kentucky",12,"400987159"
21,1,"17:46",2266,"Anthony Lamb made Jumper. Assisted by Payton Henson.",3,4,"Vermont","Kentucky",12,"400987159"
22,1,"17:26",2246,"Quade Green made Layup.",5,4,"Vermont","Kentucky",12,"400987159"
23,1,"17:08",2228,"Payton Henson missed Three Point Jumper.",5,4,"Vermont","Kentucky",12,"400987159"
24,1,"17:08",2228,"PJ Washington Defensive Rebound.",5,4,"Vermont","Kentucky",12,"400987159"
25,1,"16:58",2218,"Foul on Kevin Knox.",5,4,"Vermont","Kentucky",12,"400987159"
26,1,"16:58",2218,"Kevin Knox Turnover.",5,4,"Vermont","Kentucky",12,"400987159"
27,1,"16:49",2209,"Foul on Trae Bell-Haynes.",5,4,"Vermont","Kentucky",12,"400987159"
28,1,"16:49",2209,"Trae Bell-Haynes Turnover.",5,4,"Vermont","Kentucky",12,"400987159"
29,1,"16:38",2198,"Hamidou Diallo made Layup. Assisted by Quade Green.",7,4,"Vermont","Kentucky",12,"400987159"
30,1,"16:20",2180,"Ernie Duncan missed Three Point Jumper.",7,4,"Vermont","Kentucky",12,"400987159"
31,1,"16:20",2180,"Hamidou Diallo Block.",7,4,"Vermont","Kentucky",12,"400987159"
32,1,"16:20",2180,"Quade Green Defensive Rebound.",7,4,"Vermont","Kentucky",12,"400987159"
33,1,"16:13",2173,"Foul on Cam Ward.",7,4,"Vermont","Kentucky",12,"400987159"
34,1,"16:13",2173,"Kevin Knox made Free Throw.",8,4,"Vermont","Kentucky",12,"400987159"
35,1,"16:13",2173,"Kevin Knox made Free Throw.",9,4,"Vermont","Kentucky",12,"400987159"
36,1,"15:55",2155,"Drew Urquhart missed Jumper.",9,4,"Vermont","Kentucky",12,"400987159"
37,1,"15:55",2155,"Kevin Knox Defensive Rebound.",9,4,"Vermont","Kentucky",12,"400987159"
38,1,"15:46",2146,"Quade Green missed Jumper.",9,4,"Vermont","Kentucky",12,"400987159"
39,1,"15:46",2146,"Anthony Lamb Defensive Rebound.",9,4,"Vermont","Kentucky",12,"400987159"
40,1,"15:37",2137,"Cam Ward missed Three Point Jumper.",9,4,"Vermont","Kentucky",12,"400987159"
41,1,"15:37",2137,"Sacha Killeya-Jones Defensive Rebound.",9,4,"Vermont","Kentucky",12,"400987159"
42,1,"15:11",2111,"PJ Washington made Jumper.",11,4,"Vermont","Kentucky",12,"400987159"
43,1,"14:45",2085,"Ernie Duncan missed Jumper.",11,4,"Vermont","Kentucky",12,"400987159"
44,1,"14:45",2085,"Sacha Killeya-Jones Defensive Rebound.",11,4,"Vermont","Kentucky",12,"400987159"
45,1,"14:34",2074,"Quade Green missed Jumper.",11,4,"Vermont","Kentucky",12,"400987159"
46,1,"14:34",2074,"Drew Urquhart Defensive Rebound.",11,4,"Vermont","Kentucky",12,"400987159"
47,1,"14:10",2050,"Foul on Quade Green.",11,4,"Vermont","Kentucky",12,"400987159"
48,1,"14:10",2050,"Official TV Timeout",11,4,"Vermont","Kentucky",12,"400987159"
49,1,"14:07",2047,"Anthony Lamb missed Jumper.",11,4,"Vermont","Kentucky",12,"400987159"
50,1,"14:07",2047,"Shai Gilgeous-Alexander Defensive Rebound.",11,4,"Vermont","Kentucky",12,"400987159"
51,1,"13:48",2028,"PJ Washington made Jumper. Assisted by Shai Gilgeous-Alexander.",13,4,"Vermont","Kentucky",12,"400987159"
52,1,"13:21",2001,"Anthony Lamb Turnover.",13,4,"Vermont","Kentucky",12,"400987159"
53,1,"13:10",1990,"Kevin Knox missed Three Point Jumper.",13,4,"Vermont","Kentucky",12,"400987159"
54,1,"13:10",1990,"Stef Smith Defensive Rebound.",13,4,"Vermont","Kentucky",12,"400987159"
55,1,"13:01",1981,"Anthony Lamb made Three Point Jumper. Assisted by Cam Ward.",13,7,"Vermont","Kentucky",12,"400987159"
56,1,"12:31",1951,"PJ Washington missed Jumper.",13,7,"Vermont","Kentucky",12,"400987159"
57,1,"12:29",1949,"Drew Urquhart Defensive Rebound.",13,7,"Vermont","Kentucky",12,"400987159"
58,1,"12:29",1949,"Jump Ball won by Vermont",13,7,"Vermont","Kentucky",12,"400987159"
59,1,"12:17",1937,"Anthony Lamb missed Three Point Jumper.",13,7,"Vermont","Kentucky",12,"400987159"
60,1,"12:17",1937,"Kentucky Deadball Team Rebound.",13,7,"Vermont","Kentucky",12,"400987159"
61,1,"12:01",1921,"Kevin Knox missed Jumper.",13,7,"Vermont","Kentucky",12,"400987159"
62,1,"12:01",1921,"Ernie Duncan Defensive Rebound.",13,7,"Vermont","Kentucky",12,"400987159"
63,1,"11:45",1905,"Drew Urquhart made Jumper. Assisted by Stef Smith.",13,9,"Vermont","Kentucky",12,"400987159"
64,1,"11:25",1885,"Kevin Knox missed Three Point Jumper.",13,9,"Vermont","Kentucky",12,"400987159"
65,1,"11:25",1885,"Ernie Duncan Defensive Rebound.",13,9,"Vermont","Kentucky",12,"400987159"
66,1,"11:09",1869,"Stef Smith missed Layup.",13,9,"Vermont","Kentucky",12,"400987159"
67,1,"11:09",1869,"Shai Gilgeous-Alexander Block.",13,9,"Vermont","Kentucky",12,"400987159"
68,1,"11:09",1869,"Anthony Lamb Offensive Rebound.",13,9,"Vermont","Kentucky",12,"400987159"
69,1,"11:02",1862,"Drew Urquhart made Jumper.",13,11,"Vermont","Kentucky",12,"400987159"
70,1,"10:37",1837,"Sacha Killeya-Jones missed Jumper.",13,11,"Vermont","Kentucky",12,"400987159"
71,1,"10:37",1837,"Anthony Lamb Defensive Rebound.",13,11,"Vermont","Kentucky",12,"400987159"
72,1,"10:20",1820,"Anthony Lamb made Jumper.",13,13,"Vermont","Kentucky",12,"400987159"
73,1,"9:56",1796,"Wenyen Gabriel made Layup.",15,13,"Vermont","Kentucky",12,"400987159"
74,1,"9:33",1773,"Anthony Lamb missed Jumper.",15,13,"Vermont","Kentucky",12,"400987159"
75,1,"9:33",1773,"Wenyen Gabriel Defensive Rebound.",15,13,"Vermont","Kentucky",12,"400987159"
76,1,"9:22",1762,"Foul on Shai Gilgeous-Alexander.",15,13,"Vermont","Kentucky",12,"400987159"
77,1,"9:22",1762,"Shai Gilgeous-Alexander Turnover.",15,13,"Vermont","Kentucky",12,"400987159"
78,1,"9:22",1762,"Official TV Timeout",15,13,"Vermont","Kentucky",12,"400987159"
79,1,"9:08",1748,"Skyler Nash made Three Point Jumper. Assisted by Trae Bell-Haynes.",15,16,"Vermont","Kentucky",12,"400987159"
80,1,"8:38",1718,"Hamidou Diallo made Layup.",17,16,"Vermont","Kentucky",12,"400987159"
81,1,"8:30",1710,"Drew Urquhart missed Jumper.",17,16,"Vermont","Kentucky",12,"400987159"
82,1,"8:30",1710,"Hamidou Diallo Defensive Rebound.",17,16,"Vermont","Kentucky",12,"400987159"
83,1,"8:21",1701,"Hamidou Diallo missed Jumper.",17,16,"Vermont","Kentucky",12,"400987159"
84,1,"8:21",1701,"Kentucky Offensive Rebound.",17,16,"Vermont","Kentucky",12,"400987159"
85,1,"8:21",1701,"Foul on Ernie Duncan.",17,16,"Vermont","Kentucky",12,"400987159"
86,1,"7:55",1675,"Hamidou Diallo made Jumper.",19,16,"Vermont","Kentucky",12,"400987159"
87,1,"7:34",1654,"Foul on Drew Urquhart.",19,16,"Vermont","Kentucky",12,"400987159"
88,1,"7:34",1654,"Drew Urquhart Turnover.",19,16,"Vermont","Kentucky",12,"400987159"
89,1,"7:34",1654,"Official TV Timeout",19,16,"Vermont","Kentucky",12,"400987159"
90,1,"7:22",1642,"PJ Washington missed Jumper.",19,16,"Vermont","Kentucky",12,"400987159"
91,1,"7:22",1642,"Anthony Lamb Defensive Rebound.",19,16,"Vermont","Kentucky",12,"400987159"
92,1,"7:12",1632,"Trae Bell-Haynes Turnover.",19,16,"Vermont","Kentucky",12,"400987159"
93,1,"7:12",1632,"Shai Gilgeous-Alexander Steal.",19,16,"Vermont","Kentucky",12,"400987159"
94,1,"7:07",1627,"Shai Gilgeous-Alexander made Layup.",21,16,"Vermont","Kentucky",12,"400987159"
95,1,"7:07",1627,"Foul on Anthony Lamb.",21,16,"Vermont","Kentucky",12,"400987159"
96,1,"7:07",1627,"Technical Foul on PJ Washington.",21,16,"Vermont","Kentucky",12,"400987159"
97,1,"7:07",1627,"Shai Gilgeous-Alexander made Free Throw.",22,16,"Vermont","Kentucky",12,"400987159"
98,1,"7:07",1627,"Foul on PJ Washington.",21,16,"Vermont","Kentucky",12,"400987159"
99,1,"7:07",1627,"Shai Gilgeous-Alexander made Free Throw.",23,16,"Vermont","Kentucky",12,"400987159"
100,1,"7:07",1627,"Ernie Duncan made Free Throw.",23,17,"Vermont","Kentucky",12,"400987159"
101,1,"7:07",1627,"Ernie Duncan missed Free Throw.",23,17,"Vermont","Kentucky",12,"400987159"
102,1,"7:07",1627,"Vermont Deadball Team Rebound.",23,17,"Vermont","Kentucky",12,"400987159"
103,1,"6:58",1618,"Ernie Duncan missed Three Point Jumper.",23,17,"Vermont","Kentucky",12,"400987159"
104,1,"6:58",1618,"Kevin Knox Defensive Rebound.",23,17,"Vermont","Kentucky",12,"400987159"
105,1,"6:46",1606,"Shai Gilgeous-Alexander missed Jumper.",23,17,"Vermont","Kentucky",12,"400987159"
106,1,"6:46",1606,"Anthony Lamb Defensive Rebound.",23,17,"Vermont","Kentucky",12,"400987159"
107,1,"6:21",1581,"Trae Bell-Haynes missed Layup.",23,17,"Vermont","Kentucky",12,"400987159"
108,1,"6:21",1581,"PJ Washington Defensive Rebound.",23,17,"Vermont","Kentucky",12,"400987159"
109,1,"6:02",1562,"Foul on Anthony Lamb.",23,17,"Vermont","Kentucky",12,"400987159"
110,1,"6:02",1562,"PJ Washington made Free Throw.",24,17,"Vermont","Kentucky",12,"400987159"
111,1,"6:02",1562,"PJ Washington missed Free Throw.",24,17,"Vermont","Kentucky",12,"400987159"
112,1,"6:02",1562,"Payton Henson Defensive Rebound.",24,17,"Vermont","Kentucky",12,"400987159"
113,1,"5:43",1543,"Everett Duncan made Three Point Jumper. Assisted by Payton Henson.",24,20,"Vermont","Kentucky",12,"400987159"
114,1,"5:15",1515,"PJ Washington made Layup. Assisted by Nick Richards.",26,20,"Vermont","Kentucky",12,"400987159"
115,1,"5:15",1515,"Trae Bell-Haynes missed Three Point Jumper.",26,20,"Vermont","Kentucky",12,"400987159"
116,1,"5:15",1515,"Trae Bell-Haynes Offensive Rebound.",26,20,"Vermont","Kentucky",12,"400987159"
117,1,"5:01",1501,"Ernie Duncan missed Three Point Jumper.",26,20,"Vermont","Kentucky",12,"400987159"
118,1,"5:01",1501,"Kevin Knox Defensive Rebound.",26,20,"Vermont","Kentucky",12,"400987159"
119,1,"4:51",1491,"Kevin Knox made Layup. Assisted by Hamidou Diallo.",28,20,"Vermont","Kentucky",12,"400987159"
120,1,"4:34",1474,"Ernie Duncan missed Three Point Jumper.",28,20,"Vermont","Kentucky",12,"400987159"
121,1,"4:34",1474,"Nick Richards Defensive Rebound.",28,20,"Vermont","Kentucky",12,"400987159"
122,1,"4:03",1443,"Kevin Knox missed Jumper.",28,20,"Vermont","Kentucky",12,"400987159"
123,1,"3:58",1438,"Vermont Defensive Rebound.",28,20,"Vermont","Kentucky",12,"400987159"
124,1,"3:58",1438,"Foul on Hamidou Diallo.",28,20,"Vermont","Kentucky",12,"400987159"
125,1,"3:58",1438,"Official TV Timeout",28,20,"Vermont","Kentucky",12,"400987159"
126,1,"3:41",1421,"Payton Henson Turnover.",28,20,"Vermont","Kentucky",12,"400987159"
127,1,"3:33",1413,"Hamidou Diallo missed Jumper.",28,20,"Vermont","Kentucky",12,"400987159"
128,1,"3:33",1413,"Nick Richards Offensive Rebound.",28,20,"Vermont","Kentucky",12,"400987159"
129,1,"3:26",1406,"Hamidou Diallo missed Jumper.",28,20,"Vermont","Kentucky",12,"400987159"
130,1,"3:26",1406,"Everett Duncan Defensive Rebound.",28,20,"Vermont","Kentucky",12,"400987159"
131,1,"3:10",1390,"Trae Bell-Haynes made Layup.",28,22,"Vermont","Kentucky",12,"400987159"
132,1,"2:48",1368,"Foul on Shai Gilgeous-Alexander.",28,22,"Vermont","Kentucky",12,"400987159"
133,1,"2:48",1368,"Shai Gilgeous-Alexander Turnover.",28,22,"Vermont","Kentucky",12,"400987159"
134,1,"2:26",1346,"Drew Urquhart missed Jumper.",28,22,"Vermont","Kentucky",12,"400987159"
135,1,"2:26",1346,"PJ Washington Defensive Rebound.",28,22,"Vermont","Kentucky",12,"400987159"
136,1,"2:21",1341,"Hamidou Diallo made Jumper. Assisted by Quade Green.",30,22,"Vermont","Kentucky",12,"400987159"
137,1,"2:21",1341,"Foul on Ernie Duncan.",30,22,"Vermont","Kentucky",12,"400987159"
138,1,"2:21",1341,"Hamidou Diallo made Free Throw.",31,22,"Vermont","Kentucky",12,"400987159"
139,1,"2:10",1330,"Trae Bell-Haynes made Layup.",31,24,"Vermont","Kentucky",12,"400987159"
140,1,"1:43",1303,"PJ Washington missed Layup.",31,24,"Vermont","Kentucky",12,"400987159"
141,1,"1:43",1303,"PJ Washington Offensive Rebound.",31,24,"Vermont","Kentucky",12,"400987159"
142,1,"1:35",1295,"PJ Washington made Dunk.",33,24,"Vermont","Kentucky",12,"400987159"
143,1,"1:22",1282,"Trae Bell-Haynes missed Layup.",33,24,"Vermont","Kentucky",12,"400987159"
144,1,"1:22",1282,"Kevin Knox Defensive Rebound.",33,24,"Vermont","Kentucky",12,"400987159"
145,1,"1:15",1275,"Hamidou Diallo made Three Point Jumper. Assisted by Quade Green.",36,24,"Vermont","Kentucky",12,"400987159"
146,1,"1:11",1271,"Vermont  Timeout",36,24,"Vermont","Kentucky",12,"400987159"
147,1,"1:05",1265,"Payton Henson missed Jumper.",36,24,"Vermont","Kentucky",12,"400987159"
148,1,"1:05",1265,"Wenyen Gabriel Block.",36,24,"Vermont","Kentucky",12,"400987159"
149,1,"1:05",1265,"PJ Washington Defensive Rebound.",36,24,"Vermont","Kentucky",12,"400987159"
150,1,"0:45",1245,"Kentucky  Timeout",36,24,"Vermont","Kentucky",12,"400987159"
151,1,"0:31",1231,"Quade Green Turnover.",36,24,"Vermont","Kentucky",12,"400987159"
152,1,"0:13",1213,"Anthony Lamb missed Three Point Jumper.",36,24,"Vermont","Kentucky",12,"400987159"
153,1,"0:13",1213,"Quade Green Defensive Rebound.",36,24,"Vermont","Kentucky",12,"400987159"
154,1,"0:06",1206,"Kevin Knox missed Three Point Jumper.",36,24,"Vermont","Kentucky",12,"400987159"
155,1,"0:06",1206,"Anthony Lamb Defensive Rebound.",36,24,"Vermont","Kentucky",12,"400987159"
156,1,"0:00",1200,"End of 1st half",36,24,"Vermont","Kentucky",12,"400987159"
157,2,"20:00",1200,"PLAY",36,24,"Vermont","Kentucky",12,"400987159"
158,2,"20:00",1200,"Jump Ball won by Kentucky",36,24,"Vermont","Kentucky",12,"400987159"
159,2,"19:51",1191,"PJ Washington made Layup. Assisted by Kevin Knox.",38,24,"Vermont","Kentucky",12,"400987159"
160,2,"19:35",1175,"Anthony Lamb made Jumper.",38,26,"Vermont","Kentucky",12,"400987159"
161,2,"19:19",1159,"Quade Green made Jumper. Assisted by PJ Washington.",40,26,"Vermont","Kentucky",12,"400987159"
162,2,"19:02",1142,"Payton Henson made Jumper.",40,28,"Vermont","Kentucky",12,"400987159"
163,2,"18:41",1121,"Nick Richards made Dunk. Assisted by Hamidou Diallo.",42,28,"Vermont","Kentucky",12,"400987159"
164,2,"18:26",1106,"Ernie Duncan made Three Point Jumper. Assisted by Trae Bell-Haynes.",42,31,"Vermont","Kentucky",12,"400987159"
165,2,"17:49",1069,"Foul on Kevin Knox.",42,31,"Vermont","Kentucky",12,"400987159"
166,2,"17:49",1069,"Kevin Knox Turnover.",42,31,"Vermont","Kentucky",12,"400987159"
167,2,"17:34",1054,"Foul on Hamidou Diallo.",42,31,"Vermont","Kentucky",12,"400987159"
168,2,"17:32",1052,"Trae Bell-Haynes made Layup. Assisted by Ernie Duncan.",42,33,"Vermont","Kentucky",12,"400987159"
169,2,"17:06",1026,"Quade Green made Three Point Jumper. Assisted by Wenyen Gabriel.",45,33,"Vermont","Kentucky",12,"400987159"
170,2,"16:51",1011,"Foul on Hamidou Diallo.",45,33,"Vermont","Kentucky",12,"400987159"
171,2,"16:47",1007,"Everett Duncan missed Three Point Jumper.",45,33,"Vermont","Kentucky",12,"400987159"
172,2,"16:47",1007,"Quade Green Defensive Rebound.",45,33,"Vermont","Kentucky",12,"400987159"
173,2,"16:34",994,"Quade Green made Layup.",47,33,"Vermont","Kentucky",12,"400987159"
174,2,"16:27",987,"Vermont  Timeout",47,33,"Vermont","Kentucky",12,"400987159"
175,2,"16:14",974,"Payton Henson made Three Point Jumper. Assisted by Ernie Duncan.",47,36,"Vermont","Kentucky",12,"400987159"
176,2,"15:45",945,"PJ Washington missed Jumper.",47,36,"Vermont","Kentucky",12,"400987159"
177,2,"15:45",945,"Payton Henson Defensive Rebound.",47,36,"Vermont","Kentucky",12,"400987159"
178,2,"15:37",937,"Trae Bell-Haynes made Layup.",47,38,"Vermont","Kentucky",12,"400987159"
179,2,"15:34",934,"Kentucky  Timeout",47,38,"Vermont","Kentucky",12,"400987159"
180,2,"15:19",919,"Wenyen Gabriel Turnover.",47,38,"Vermont","Kentucky",12,"400987159"
181,2,"15:19",919,"Trae Bell-Haynes Steal.",47,38,"Vermont","Kentucky",12,"400987159"
182,2,"14:50",890,"Trae Bell-Haynes Turnover.",47,38,"Vermont","Kentucky",12,"400987159"
183,2,"14:50",890,"Hamidou Diallo Steal.",47,38,"Vermont","Kentucky",12,"400987159"
184,2,"14:43",883,"Hamidou Diallo made Layup. Assisted by Shai Gilgeous-Alexander.",49,38,"Vermont","Kentucky",12,"400987159"
185,2,"14:43",883,"Foul on Payton Henson.",49,38,"Vermont","Kentucky",12,"400987159"
186,2,"14:43",883,"Hamidou Diallo made Free Throw.",50,38,"Vermont","Kentucky",12,"400987159"
187,2,"14:24",864,"Foul on Wenyen Gabriel.",50,38,"Vermont","Kentucky",12,"400987159"
188,2,"14:24",864,"Anthony Lamb made Free Throw.",50,39,"Vermont","Kentucky",12,"400987159"
189,2,"14:24",864,"Anthony Lamb missed Free Throw.",50,39,"Vermont","Kentucky",12,"400987159"
190,2,"14:24",864,"PJ Washington Defensive Rebound.",50,39,"Vermont","Kentucky",12,"400987159"
191,2,"14:11",851,"Foul on Anthony Lamb.",50,39,"Vermont","Kentucky",12,"400987159"
192,2,"14:11",851,"PJ Washington made Free Throw.",51,39,"Vermont","Kentucky",12,"400987159"
193,2,"14:11",851,"PJ Washington missed Free Throw.",51,39,"Vermont","Kentucky",12,"400987159"
194,2,"14:11",851,"Payton Henson Defensive Rebound.",51,39,"Vermont","Kentucky",12,"400987159"
195,2,"13:59",839,"Foul on Nick Richards.",51,39,"Vermont","Kentucky",12,"400987159"
196,2,"13:56",836,"Ernie Duncan made Three Point Jumper. Assisted by Trae Bell-Haynes.",51,42,"Vermont","Kentucky",12,"400987159"
197,2,"13:40",820,"PJ Washington missed Jumper.",51,42,"Vermont","Kentucky",12,"400987159"
198,2,"13:40",820,"Shai Gilgeous-Alexander Offensive Rebound.",51,42,"Vermont","Kentucky",12,"400987159"
199,2,"13:32",812,"Foul on Drew Urquhart.",51,42,"Vermont","Kentucky",12,"400987159"
200,2,"13:32",812,"Kevin Knox made Free Throw.",52,42,"Vermont","Kentucky",12,"400987159"
201,2,"13:32",812,"Kevin Knox made Free Throw.",53,42,"Vermont","Kentucky",12,"400987159"
202,2,"13:19",799,"Trae Bell-Haynes made Layup.",53,44,"Vermont","Kentucky",12,"400987159"
203,2,"12:59",779,"Foul on Ernie Duncan.",53,44,"Vermont","Kentucky",12,"400987159"
204,2,"12:59",779,"Sacha Killeya-Jones made Free Throw.",54,44,"Vermont","Kentucky",12,"400987159"
205,2,"12:59",779,"Sacha Killeya-Jones made Free Throw.",55,44,"Vermont","Kentucky",12,"400987159"
206,2,"12:48",768,"Trae Bell-Haynes made Layup.",55,46,"Vermont","Kentucky",12,"400987159"
207,2,"12:21",741,"PJ Washington made Jumper.",57,46,"Vermont","Kentucky",12,"400987159"
208,2,"11:59",719,"Trae Bell-Haynes missed Three Point Jumper.",57,46,"Vermont","Kentucky",12,"400987159"
209,2,"11:59",719,"Kevin Knox Defensive Rebound.",57,46,"Vermont","Kentucky",12,"400987159"
210,2,"11:26",686,"Shai Gilgeous-Alexander Turnover.",57,46,"Vermont","Kentucky",12,"400987159"
211,2,"11:26",686,"Official TV Timeout",57,46,"Vermont","Kentucky",12,"400987159"
212,2,"11:17",677,"Trae Bell-Haynes missed Layup.",57,46,"Vermont","Kentucky",12,"400987159"
213,2,"11:17",677,"Anthony Lamb Offensive Rebound.",57,46,"Vermont","Kentucky",12,"400987159"
214,2,"11:10",670,"Payton Henson missed Three Point Jumper.",57,46,"Vermont","Kentucky",12,"400987159"
215,2,"11:10",670,"Kevin Knox Defensive Rebound.",57,46,"Vermont","Kentucky",12,"400987159"
216,2,"10:56",656,"PJ Washington missed Jumper.",57,46,"Vermont","Kentucky",12,"400987159"
217,2,"10:56",656,"Everett Duncan Defensive Rebound.",57,46,"Vermont","Kentucky",12,"400987159"
218,2,"10:40",640,"Anthony Lamb made Three Point Jumper. Assisted by Stef Smith.",57,49,"Vermont","Kentucky",12,"400987159"
219,2,"10:18",618,"Hamidou Diallo missed Jumper.",57,49,"Vermont","Kentucky",12,"400987159"
220,2,"10:18",618,"Kentucky Offensive Rebound.",57,49,"Vermont","Kentucky",12,"400987159"
221,2,"10:11",611,"Foul on Anthony Lamb.",57,49,"Vermont","Kentucky",12,"400987159"
222,2,"9:50",590,"PJ Washington missed Layup.",57,49,"Vermont","Kentucky",12,"400987159"
223,2,"9:50",590,"PJ Washington Offensive Rebound.",57,49,"Vermont","Kentucky",12,"400987159"
224,2,"9:50",590,"PJ Washington made Two Point Tip Shot.",59,49,"Vermont","Kentucky",12,"400987159"
225,2,"9:38",578,"Drew Urquhart made Layup. Assisted by Stef Smith.",59,51,"Vermont","Kentucky",12,"400987159"
226,2,"9:38",578,"Foul on Hamidou Diallo.",59,51,"Vermont","Kentucky",12,"400987159"
227,2,"9:38",578,"Drew Urquhart made Free Throw.",59,52,"Vermont","Kentucky",12,"400987159"
228,2,"9:24",564,"Foul on Stef Smith.",59,52,"Vermont","Kentucky",12,"400987159"
229,2,"9:17",557,"Sacha Killeya-Jones made Jumper. Assisted by PJ Washington.",61,52,"Vermont","Kentucky",12,"400987159"
230,2,"9:00",540,"Payton Henson missed Three Point Jumper.",61,52,"Vermont","Kentucky",12,"400987159"
231,2,"9:00",540,"Wenyen Gabriel Defensive Rebound.",61,52,"Vermont","Kentucky",12,"400987159"
232,2,"8:52",532,"Quade Green made Layup. Assisted by Shai Gilgeous-Alexander.",63,52,"Vermont","Kentucky",12,"400987159"
233,2,"8:25",505,"Trae Bell-Haynes made Layup.",63,54,"Vermont","Kentucky",12,"400987159"
234,2,"7:54",474,"Kevin Knox missed Jumper.",63,54,"Vermont","Kentucky",12,"400987159"
235,2,"7:54",474,"Vermont Defensive Rebound.",63,54,"Vermont","Kentucky",12,"400987159"
236,2,"7:54",474,"Foul on Wenyen Gabriel.",63,54,"Vermont","Kentucky",12,"400987159"
237,2,"7:54",474,"Official TV Timeout",63,54,"Vermont","Kentucky",12,"400987159"
238,2,"7:53",473,"Official TV Timeout",63,55,"Vermont","Kentucky",12,"400987159"
239,2,"7:53",473,"Payton Henson missed Free Throw.",63,55,"Vermont","Kentucky",12,"400987159"
240,2,"7:53",473,"Official TV Timeout",63,55,"Vermont","Kentucky",12,"400987159"
241,2,"7:53",473,"Payton Henson made Free Throw.",63,55,"Vermont","Kentucky",12,"400987159"
242,2,"7:53",473,"Drew Urquhart Offensive Rebound.",63,55,"Vermont","Kentucky",12,"400987159"
243,2,"7:53",473,"Official TV Timeout",63,55,"Vermont","Kentucky",12,"400987159"
244,2,"7:52",472,"Official TV Timeout",63,55,"Vermont","Kentucky",12,"400987159"
245,2,"7:52",472,"Drew Urquhart made Two Point Tip Shot.",63,57,"Vermont","Kentucky",12,"400987159"
246,2,"7:31",451,"Quade Green made Jumper.",65,57,"Vermont","Kentucky",12,"400987159"
247,2,"7:16",436,"Payton Henson Turnover.",65,57,"Vermont","Kentucky",12,"400987159"
248,2,"7:16",436,"Shai Gilgeous-Alexander Steal.",65,57,"Vermont","Kentucky",12,"400987159"
249,2,"6:49",409,"Wenyen Gabriel missed Three Point Jumper.",65,57,"Vermont","Kentucky",12,"400987159"
250,2,"6:49",409,"Payton Henson Defensive Rebound.",65,57,"Vermont","Kentucky",12,"400987159"
251,2,"6:26",386,"Payton Henson made Three Point Jumper. Assisted by Trae Bell-Haynes.",65,60,"Vermont","Kentucky",12,"400987159"
252,2,"6:08",368,"Foul on Payton Henson.",65,60,"Vermont","Kentucky",12,"400987159"
253,2,"6:08",368,"PJ Washington missed Free Throw.",65,60,"Vermont","Kentucky",12,"400987159"
254,2,"6:08",368,"Everett Duncan Defensive Rebound.",65,60,"Vermont","Kentucky",12,"400987159"
255,2,"5:55",355,"Foul on Wenyen Gabriel.",65,60,"Vermont","Kentucky",12,"400987159"
256,2,"5:55",355,"Drew Urquhart missed Free Throw.",65,60,"Vermont","Kentucky",12,"400987159"
257,2,"5:55",355,"Vermont Deadball Team Rebound.",65,60,"Vermont","Kentucky",12,"400987159"
258,2,"5:55",355,"Drew Urquhart made Free Throw.",65,61,"Vermont","Kentucky",12,"400987159"
259,2,"5:38",338,"Hamidou Diallo missed Jumper.",65,61,"Vermont","Kentucky",12,"400987159"
260,2,"5:38",338,"Sacha Killeya-Jones Offensive Rebound.",65,61,"Vermont","Kentucky",12,"400987159"
261,2,"5:34",334,"Foul on Drew Urquhart.",65,61,"Vermont","Kentucky",12,"400987159"
262,2,"5:34",334,"Sacha Killeya-Jones made Free Throw.",66,61,"Vermont","Kentucky",12,"400987159"
263,2,"5:34",334,"Sacha Killeya-Jones made Free Throw.",67,61,"Vermont","Kentucky",12,"400987159"
264,2,"5:24",324,"Ernie Duncan missed Three Point Jumper.",67,61,"Vermont","Kentucky",12,"400987159"
265,2,"5:24",324,"PJ Washington Defensive Rebound.",67,61,"Vermont","Kentucky",12,"400987159"
266,2,"5:03",303,"Quade Green missed Jumper.",67,61,"Vermont","Kentucky",12,"400987159"
267,2,"5:03",303,"Quade Green Offensive Rebound.",67,61,"Vermont","Kentucky",12,"400987159"
268,2,"4:58",298,"Foul on Trae Bell-Haynes.",67,61,"Vermont","Kentucky",12,"400987159"
269,2,"4:58",298,"Quade Green made Free Throw.",68,61,"Vermont","Kentucky",12,"400987159"
270,2,"4:58",298,"Quade Green made Free Throw.",69,61,"Vermont","Kentucky",12,"400987159"
271,2,"4:47",287,"Foul on PJ Washington.",69,61,"Vermont","Kentucky",12,"400987159"
272,2,"4:47",287,"Anthony Lamb made Free Throw.",69,62,"Vermont","Kentucky",12,"400987159"
273,2,"4:47",287,"Anthony Lamb made Free Throw.",69,63,"Vermont","Kentucky",12,"400987159"
274,2,"4:39",279,"PJ Washington Turnover.",69,63,"Vermont","Kentucky",12,"400987159"
275,2,"4:29",269,"Everett Duncan missed Three Point Jumper.",69,63,"Vermont","Kentucky",12,"400987159"
276,2,"4:29",269,"Kentucky Defensive Rebound.",69,63,"Vermont","Kentucky",12,"400987159"
277,2,"4:02",242,"Quade Green missed Jumper.",69,63,"Vermont","Kentucky",12,"400987159"
278,2,"4:02",242,"Vermont Defensive Rebound.",69,63,"Vermont","Kentucky",12,"400987159"
279,2,"3:59",239,"Official TV Timeout",69,63,"Vermont","Kentucky",12,"400987159"
280,2,"3:32",212,"Drew Urquhart made Three Point Jumper. Assisted by Trae Bell-Haynes.",69,66,"Vermont","Kentucky",12,"400987159"
281,2,"3:06",186,"Kevin Knox made Three Point Jumper. Assisted by Quade Green.",72,66,"Vermont","Kentucky",12,"400987159"
282,2,"2:47",167,"Trae Bell-Haynes missed Jumper.",72,66,"Vermont","Kentucky",12,"400987159"
283,2,"2:47",167,"PJ Washington Defensive Rebound.",72,66,"Vermont","Kentucky",12,"400987159"
284,2,"2:19",139,"Hamidou Diallo missed Jumper.",72,66,"Vermont","Kentucky",12,"400987159"
285,2,"2:19",139,"Sacha Killeya-Jones Offensive Rebound.",72,66,"Vermont","Kentucky",12,"400987159"
286,2,"2:04",124,"Kevin Knox missed Jumper.",72,66,"Vermont","Kentucky",12,"400987159"
287,2,"2:04",124,"Payton Henson Defensive Rebound.",72,66,"Vermont","Kentucky",12,"400987159"
288,2,"1:46",106,"Ernie Duncan made Three Point Jumper. Assisted by Drew Urquhart.",72,69,"Vermont","Kentucky",12,"400987159"
289,2,"1:23",83,"PJ Washington Turnover.",72,69,"Vermont","Kentucky",12,"400987159"
290,2,"1:23",83,"Vermont  Timeout",72,69,"Vermont","Kentucky",12,"400987159"
291,2,"1:17",77,"Ernie Duncan missed Three Point Jumper.",72,69,"Vermont","Kentucky",12,"400987159"
292,2,"1:17",77,"Kevin Knox Defensive Rebound.",72,69,"Vermont","Kentucky",12,"400987159"
293,2,"0:49",49,"Hamidou Diallo missed Three Point Jumper.",72,69,"Vermont","Kentucky",12,"400987159"
294,2,"0:49",49,"Vermont Defensive Rebound.",72,69,"Vermont","Kentucky",12,"400987159"
295,2,"0:28",28,"Foul on Shai Gilgeous-Alexander.",72,69,"Vermont","Kentucky",12,"400987159"
296,2,"0:28",28,"Trae Bell-Haynes missed Free Throw.",72,69,"Vermont","Kentucky",12,"400987159"
297,2,"0:28",28,"Vermont Deadball Team Rebound.",72,69,"Vermont","Kentucky",12,"400987159"
298,2,"0:28",28,"Trae Bell-Haynes missed Free Throw.",72,69,"Vermont","Kentucky",12,"400987159"
299,2,"0:28",28,"Payton Henson Offensive Rebound.",72,69,"Vermont","Kentucky",12,"400987159"
300,2,"0:17",17,"Vermont  Timeout",72,69,"Vermont","Kentucky",12,"400987159"
301,2,"0:17",17,"Kentucky  Timeout",72,69,"Vermont","Kentucky",12,"400987159"
302,2,"0:08",8,"Ernie Duncan missed Three Point Jumper.",72,69,"Vermont","Kentucky",12,"400987159"
303,2,"0:08",8,"Vermont Offensive Rebound.",72,69,"Vermont","Kentucky",12,"400987159"
304,2,"0:03",3,"Payton Henson missed Three Point Jumper.",72,69,"Vermont","Kentucky",12,"400987159"
305,2,"0:03",3,"PJ Washington Defensive Rebound.",72,69,"Vermont","Kentucky",12,"400987159"
306,2,"0:03",3,"Foul on Trae Bell-Haynes.",72,69,"Vermont","Kentucky",12,"400987159"
307,2,"0:03",3,"PJ Washington missed Free Throw.",72,69,"Vermont","Kentucky",12,"400987159"
308,2,"0:03",3,"Kentucky Deadball Team Rebound.",72,69,"Vermont","Kentucky",12,"400987159"
309,2,"0:03",3,"PJ Washington made Free Throw.",73,69,"Vermont","Kentucky",12,"400987159"
310,2,"0:00",0,"End of Game",73,69,"Vermont","Kentucky",12,"400987159"
1,1,"20:00",2400,"PLAY",0,0,"Bradley","Vermont",NA,"400991052"
2,1,"19:44",2384,"Darrell Brown made Jumper.",0,2,"Bradley","Vermont",NA,"400991052"
3,1,"19:25",2365,"Payton Henson missed Jumper.",0,2,"Bradley","Vermont",NA,"400991052"
4,1,"19:25",2365,"Donte Thomas Block.",0,2,"Bradley","Vermont",NA,"400991052"
5,1,"19:15",2355,"Darrell Brown Defensive Rebound.",0,2,"Bradley","Vermont",NA,"400991052"
6,1,"19:12",2352,"Foul on Anthony Lamb.",0,2,"Bradley","Vermont",NA,"400991052"
7,1,"18:57",2337,"Donte Thomas missed Layup.",0,2,"Bradley","Vermont",NA,"400991052"
8,1,"18:57",2337,"Anthony Lamb Defensive Rebound.",0,2,"Bradley","Vermont",NA,"400991052"
9,1,"18:36",2316,"Payton Henson missed Jumper.",0,2,"Bradley","Vermont",NA,"400991052"
10,1,"18:36",2316,"Anthony Lamb Offensive Rebound.",0,2,"Bradley","Vermont",NA,"400991052"
11,1,"18:26",2306,"Anthony Lamb missed Layup.",0,2,"Bradley","Vermont",NA,"400991052"
12,1,"18:26",2306,"Donte Thomas Defensive Rebound.",0,2,"Bradley","Vermont",NA,"400991052"
13,1,"18:09",2289,"Dwayne Lautier-Ogunleye missed Three Point Jumper.",0,2,"Bradley","Vermont",NA,"400991052"
14,1,"18:09",2289,"Donte Thomas Offensive Rebound.",0,2,"Bradley","Vermont",NA,"400991052"
15,1,"18:05",2285,"Foul on Anthony Lamb.",0,2,"Bradley","Vermont",NA,"400991052"
16,1,"17:56",2276,"Dwayne Lautier-Ogunleye missed Layup.",0,2,"Bradley","Vermont",NA,"400991052"
17,1,"17:56",2276,"Luuk van Bree Offensive Rebound.",0,2,"Bradley","Vermont",NA,"400991052"
18,1,"17:48",2268,"Luuk van Bree missed Jumper.",0,2,"Bradley","Vermont",NA,"400991052"
19,1,"17:48",2268,"Drew Urquhart Block.",0,2,"Bradley","Vermont",NA,"400991052"
20,1,"17:45",2265,"Payton Henson Defensive Rebound.",0,2,"Bradley","Vermont",NA,"400991052"
21,1,"17:42",2262,"Trae Bell-Haynes made Layup.",2,2,"Bradley","Vermont",NA,"400991052"
22,1,"17:32",2252,"Skyler Nash Turnover.",2,2,"Bradley","Vermont",NA,"400991052"
23,1,"17:32",2252,"Foul on Donte Thomas.",2,2,"Bradley","Vermont",NA,"400991052"
24,1,"17:30",2250,"Everett Duncan missed Three Point Jumper.",2,2,"Bradley","Vermont",NA,"400991052"
25,1,"17:30",2250,"Elijah Childs Defensive Rebound.",2,2,"Bradley","Vermont",NA,"400991052"
26,1,"17:20",2240,"Darrell Brown made Jumper.",2,4,"Bradley","Vermont",NA,"400991052"
27,1,"16:59",2219,"Ernie Duncan missed Three Point Jumper.",2,4,"Bradley","Vermont",NA,"400991052"
28,1,"16:59",2219,"Ryan Stipanovich Defensive Rebound.",2,4,"Bradley","Vermont",NA,"400991052"
29,1,"16:46",2206,"Darrell Brown missed Dunk.",2,4,"Bradley","Vermont",NA,"400991052"
30,1,"16:46",2206,"Elijah Childs Offensive Rebound.",2,4,"Bradley","Vermont",NA,"400991052"
31,1,"16:41",2201,"Foul on Ernie Duncan.",2,4,"Bradley","Vermont",NA,"400991052"
32,1,"16:30",2190,"Darrell Brown missed Jumper.",2,4,"Bradley","Vermont",NA,"400991052"
33,1,"16:30",2190,"Elijah Childs Offensive Rebound.",2,4,"Bradley","Vermont",NA,"400991052"
34,1,"16:24",2184,"Darrell Brown missed Jumper.",2,4,"Bradley","Vermont",NA,"400991052"
35,1,"16:24",2184,"Trae Bell-Haynes Defensive Rebound.",2,4,"Bradley","Vermont",NA,"400991052"
36,1,"16:20",2180,"Foul on Darrell Brown.",2,4,"Bradley","Vermont",NA,"400991052"
37,1,"16:08",2168,"Trae Bell-Haynes missed Jumper.",2,4,"Bradley","Vermont",NA,"400991052"
38,1,"16:08",2168,"Elijah Childs Defensive Rebound.",2,4,"Bradley","Vermont",NA,"400991052"
39,1,"15:56",2156,"Jayden Hodgson Turnover.",2,4,"Bradley","Vermont",NA,"400991052"
40,1,"15:56",2156,"Trae Bell-Haynes Steal.",2,4,"Bradley","Vermont",NA,"400991052"
41,1,"15:56",2156,"Official TV Timeout",2,4,"Bradley","Vermont",NA,"400991052"
42,1,"15:36",2136,"Foul on Elijah Childs.",2,4,"Bradley","Vermont",NA,"400991052"
43,1,"14:55",2095,"Ernie Duncan made Three Point Jumper. Assisted by Trae Bell-Haynes.",5,4,"Bradley","Vermont",NA,"400991052"
44,1,"14:43",2083,"Jayden Hodgson made Three Point Jumper. Assisted by JoJo McGlaston.",5,7,"Bradley","Vermont",NA,"400991052"
45,1,"14:13",2053,"Ernie Duncan missed Three Point Jumper.",5,7,"Bradley","Vermont",NA,"400991052"
46,1,"14:13",2053,"Donte Thomas Defensive Rebound.",5,7,"Bradley","Vermont",NA,"400991052"
47,1,"14:01",2041,"Nate Kennell Turnover.",5,7,"Bradley","Vermont",NA,"400991052"
48,1,"13:45",2025,"Trae Bell-Haynes missed Layup.",5,7,"Bradley","Vermont",NA,"400991052"
49,1,"13:45",2025,"Callum Barker Block.",5,7,"Bradley","Vermont",NA,"400991052"
50,1,"13:42",2022,"Donte Thomas Defensive Rebound.",5,7,"Bradley","Vermont",NA,"400991052"
51,1,"13:26",2006,"Jayden Hodgson Turnover.",5,7,"Bradley","Vermont",NA,"400991052"
52,1,"13:08",1988,"Foul on Donte Thomas.",5,7,"Bradley","Vermont",NA,"400991052"
53,1,"13:03",1983,"Stef Smith made Three Point Jumper. Assisted by Payton Henson.",8,7,"Bradley","Vermont",NA,"400991052"
54,1,"12:44",1964,"Nate Kennell missed Three Point Jumper.",8,7,"Bradley","Vermont",NA,"400991052"
55,1,"12:44",1964,"Payton Henson Defensive Rebound.",8,7,"Bradley","Vermont",NA,"400991052"
56,1,"12:24",1944,"Foul on Jayden Hodgson.",8,7,"Bradley","Vermont",NA,"400991052"
57,1,"12:18",1938,"Payton Henson made Layup. Assisted by Nate Rohrer.",10,7,"Bradley","Vermont",NA,"400991052"
58,1,"12:06",1926,"Nate Kennell missed Layup.",10,7,"Bradley","Vermont",NA,"400991052"
59,1,"12:06",1926,"Drew Urquhart Block.",10,7,"Bradley","Vermont",NA,"400991052"
60,1,"12:02",1922,"Cam Ward Defensive Rebound.",10,7,"Bradley","Vermont",NA,"400991052"
61,1,"11:43",1903,"Everett Duncan Turnover.",10,7,"Bradley","Vermont",NA,"400991052"
62,1,"11:31",1891,"JoJo McGlaston Turnover.",10,7,"Bradley","Vermont",NA,"400991052"
63,1,"11:31",1891,"Foul on JoJo McGlaston.",10,7,"Bradley","Vermont",NA,"400991052"
64,1,"11:16",1876,"Nate Rohrer missed Layup.",10,7,"Bradley","Vermont",NA,"400991052"
65,1,"11:16",1876,"JoJo McGlaston Defensive Rebound.",10,7,"Bradley","Vermont",NA,"400991052"
66,1,"11:02",1862,"Foul on Nate Kennell.",10,7,"Bradley","Vermont",NA,"400991052"
67,1,"11:02",1862,"Nate Kennell Turnover.",10,7,"Bradley","Vermont",NA,"400991052"
68,1,"10:48",1848,"Cam Ward Turnover.",10,7,"Bradley","Vermont",NA,"400991052"
69,1,"10:48",1848,"Darrell Brown missed Jumper.",10,7,"Bradley","Vermont",NA,"400991052"
70,1,"10:48",1848,"Elijah Childs Offensive Rebound.",10,7,"Bradley","Vermont",NA,"400991052"
71,1,"10:48",1848,"Foul on Everett Duncan.",10,7,"Bradley","Vermont",NA,"400991052"
72,1,"10:48",1848,"Elijah Childs missed Free Throw.",10,7,"Bradley","Vermont",NA,"400991052"
73,1,"10:48",1848,"Nate Rohrer Defensive Rebound.",10,7,"Bradley","Vermont",NA,"400991052"
74,1,"10:41",1841,"Elijah Childs made Layup.",10,9,"Bradley","Vermont",NA,"400991052"
75,1,"10:31",1831,"Payton Henson missed Layup.",10,9,"Bradley","Vermont",NA,"400991052"
76,1,"10:31",1831,"Payton Henson Offensive Rebound.",10,9,"Bradley","Vermont",NA,"400991052"
77,1,"10:28",1828,"Payton Henson made Layup.",12,9,"Bradley","Vermont",NA,"400991052"
78,1,"10:14",1814,"Elijah Childs made Jumper.",12,11,"Bradley","Vermont",NA,"400991052"
79,1,"9:37",1777,"Foul on Elijah Childs.",12,11,"Bradley","Vermont",NA,"400991052"
80,1,"9:37",1777,"Stef Smith missed Free Throw.",12,11,"Bradley","Vermont",NA,"400991052"
81,1,"9:37",1777,"Vermont Deadball Team Rebound.",12,11,"Bradley","Vermont",NA,"400991052"
82,1,"9:37",1777,"Stef Smith made Free Throw.",13,11,"Bradley","Vermont",NA,"400991052"
83,1,"9:27",1767,"JoJo McGlaston Turnover.",13,11,"Bradley","Vermont",NA,"400991052"
84,1,"9:27",1767,"Foul on JoJo McGlaston.",13,11,"Bradley","Vermont",NA,"400991052"
85,1,"9:17",1757,"Trae Bell-Haynes made Layup. Assisted by Stef Smith.",15,11,"Bradley","Vermont",NA,"400991052"
86,1,"9:11",1751,"Foul on Darrell Brown.",15,11,"Bradley","Vermont",NA,"400991052"
87,1,"9:11",1751,"Trae Bell-Haynes missed Free Throw.",15,11,"Bradley","Vermont",NA,"400991052"
88,1,"9:11",1751,"Dwayne Lautier-Ogunleye Defensive Rebound.",15,11,"Bradley","Vermont",NA,"400991052"
89,1,"8:45",1725,"Ryan Stipanovich missed Jumper.",15,11,"Bradley","Vermont",NA,"400991052"
90,1,"8:45",1725,"Payton Henson Defensive Rebound.",15,11,"Bradley","Vermont",NA,"400991052"
91,1,"8:30",1710,"Skyler Nash missed Three Point Jumper.",15,11,"Bradley","Vermont",NA,"400991052"
92,1,"8:30",1710,"Nate Kennell Defensive Rebound.",15,11,"Bradley","Vermont",NA,"400991052"
93,1,"8:22",1702,"Nate Kennell made Three Point Jumper. Assisted by Ryan Stipanovich.",15,14,"Bradley","Vermont",NA,"400991052"
94,1,"7:46",1666,"Stef Smith missed Three Point Jumper.",15,14,"Bradley","Vermont",NA,"400991052"
95,1,"7:46",1666,"Jayden Hodgson Defensive Rebound.",15,14,"Bradley","Vermont",NA,"400991052"
96,1,"7:33",1653,"Callum Barker Turnover.",15,14,"Bradley","Vermont",NA,"400991052"
97,1,"7:19",1639,"Anthony Lamb missed Jumper.",15,14,"Bradley","Vermont",NA,"400991052"
98,1,"7:19",1639,"Luuk van Bree Defensive Rebound.",15,14,"Bradley","Vermont",NA,"400991052"
99,1,"7:08",1628,"Dwayne Lautier-Ogunleye made Layup.",15,16,"Bradley","Vermont",NA,"400991052"
100,1,"6:45",1605,"Anthony Lamb Turnover.",15,16,"Bradley","Vermont",NA,"400991052"
101,1,"6:19",1579,"Foul on Callum Barker.",15,16,"Bradley","Vermont",NA,"400991052"
102,1,"6:19",1579,"Callum Barker Turnover.",15,16,"Bradley","Vermont",NA,"400991052"
103,1,"6:10",1570,"Anthony Lamb missed Three Point Jumper.",15,16,"Bradley","Vermont",NA,"400991052"
104,1,"6:10",1570,"Dwayne Lautier-Ogunleye Defensive Rebound.",15,16,"Bradley","Vermont",NA,"400991052"
105,1,"5:56",1556,"Luuk van Bree missed Jumper.",15,16,"Bradley","Vermont",NA,"400991052"
106,1,"5:56",1556,"Bradley Deadball Team Rebound.",15,16,"Bradley","Vermont",NA,"400991052"
107,1,"5:54",1554,"Foul on Ernie Duncan.",15,16,"Bradley","Vermont",NA,"400991052"
108,1,"5:47",1547,"Ryan Stipanovich made Layup.",15,18,"Bradley","Vermont",NA,"400991052"
109,1,"5:42",1542,"Foul on Payton Henson.",15,18,"Bradley","Vermont",NA,"400991052"
110,1,"5:42",1542,"Ryan Stipanovich made Free Throw.",15,19,"Bradley","Vermont",NA,"400991052"
111,1,"5:21",1521,"Trae Bell-Haynes Turnover.",15,19,"Bradley","Vermont",NA,"400991052"
112,1,"5:21",1521,"Jayden Hodgson Steal.",15,19,"Bradley","Vermont",NA,"400991052"
113,1,"5:08",1508,"Ryan Stipanovich missed Layup.",15,19,"Bradley","Vermont",NA,"400991052"
114,1,"5:08",1508,"Payton Henson Defensive Rebound.",15,19,"Bradley","Vermont",NA,"400991052"
115,1,"4:58",1498,"Stef Smith made Jumper.",17,19,"Bradley","Vermont",NA,"400991052"
116,1,"4:44",1484,"Nate Kennell made Three Point Jumper. Assisted by Dwayne Lautier-Ogunleye.",17,22,"Bradley","Vermont",NA,"400991052"
117,1,"4:34",1474,"Vermont  Timeout",17,22,"Bradley","Vermont",NA,"400991052"
118,1,"4:24",1464,"Drew Urquhart made Dunk. Assisted by Cam Ward.",19,22,"Bradley","Vermont",NA,"400991052"
119,1,"4:11",1451,"Ryan Stipanovich made Three Point Jumper. Assisted by Nate Kennell.",19,25,"Bradley","Vermont",NA,"400991052"
120,1,"3:50",1430,"Drew Urquhart made Layup. Assisted by Stef Smith.",21,25,"Bradley","Vermont",NA,"400991052"
121,1,"3:28",1408,"Foul on Luuk van Bree.",21,25,"Bradley","Vermont",NA,"400991052"
122,1,"3:28",1408,"Luuk van Bree Turnover.",21,25,"Bradley","Vermont",NA,"400991052"
123,1,"3:28",1408,"Official TV Timeout",21,25,"Bradley","Vermont",NA,"400991052"
124,1,"3:12",1392,"Trae Bell-Haynes Turnover.",21,25,"Bradley","Vermont",NA,"400991052"
125,1,"3:10",1390,"Callum Barker Steal.",21,25,"Bradley","Vermont",NA,"400991052"
126,1,"3:05",1385,"Callum Barker missed Layup.",21,25,"Bradley","Vermont",NA,"400991052"
127,1,"3:05",1385,"Stef Smith Defensive Rebound.",21,25,"Bradley","Vermont",NA,"400991052"
128,1,"2:54",1374,"Trae Bell-Haynes made Three Point Jumper. Assisted by Drew Urquhart.",24,25,"Bradley","Vermont",NA,"400991052"
129,1,"2:38",1358,"Nate Kennell missed Three Point Jumper.",24,25,"Bradley","Vermont",NA,"400991052"
130,1,"2:38",1358,"Trae Bell-Haynes Defensive Rebound.",24,25,"Bradley","Vermont",NA,"400991052"
131,1,"2:29",1349,"Trae Bell-Haynes missed Layup.",24,25,"Bradley","Vermont",NA,"400991052"
132,1,"2:29",1349,"Payton Henson Offensive Rebound.",24,25,"Bradley","Vermont",NA,"400991052"
133,1,"2:25",1345,"Payton Henson Turnover.",24,25,"Bradley","Vermont",NA,"400991052"
134,1,"2:21",1341,"Foul on Stef Smith.",24,25,"Bradley","Vermont",NA,"400991052"
135,1,"2:21",1341,"Luqman Lundy made Free Throw.",24,26,"Bradley","Vermont",NA,"400991052"
136,1,"2:21",1341,"Luqman Lundy made Free Throw.",24,27,"Bradley","Vermont",NA,"400991052"
137,1,"1:53",1313,"Payton Henson missed Jumper.",24,27,"Bradley","Vermont",NA,"400991052"
138,1,"1:53",1313,"Dwayne Lautier-Ogunleye Defensive Rebound.",24,27,"Bradley","Vermont",NA,"400991052"
139,1,"1:41",1301,"Callum Barker made Dunk. Assisted by Luqman Lundy.",24,29,"Bradley","Vermont",NA,"400991052"
140,1,"1:23",1283,"Foul on Dwayne Lautier-Ogunleye.",24,29,"Bradley","Vermont",NA,"400991052"
141,1,"1:23",1283,"Payton Henson made Free Throw.",25,29,"Bradley","Vermont",NA,"400991052"
142,1,"1:23",1283,"Payton Henson missed Free Throw.",25,29,"Bradley","Vermont",NA,"400991052"
143,1,"1:23",1283,"Nate Kennell Defensive Rebound.",25,29,"Bradley","Vermont",NA,"400991052"
144,1,"1:06",1266,"Nate Kennell missed Jumper.",25,29,"Bradley","Vermont",NA,"400991052"
145,1,"1:06",1266,"Drew Urquhart Defensive Rebound.",25,29,"Bradley","Vermont",NA,"400991052"
146,1,"0:59",1259,"Ernie Duncan missed Three Point Jumper.",25,29,"Bradley","Vermont",NA,"400991052"
147,1,"0:59",1259,"Nate Kennell Defensive Rebound.",25,29,"Bradley","Vermont",NA,"400991052"
148,1,"0:48",1248,"Luqman Lundy Turnover.",25,29,"Bradley","Vermont",NA,"400991052"
149,1,"0:37",1237,"Trae Bell-Haynes missed Three Point Jumper.",25,29,"Bradley","Vermont",NA,"400991052"
150,1,"0:37",1237,"Payton Henson Offensive Rebound.",25,29,"Bradley","Vermont",NA,"400991052"
151,1,"0:34",1234,"Foul on Luuk van Bree.",25,29,"Bradley","Vermont",NA,"400991052"
152,1,"0:34",1234,"Payton Henson missed Free Throw.",25,29,"Bradley","Vermont",NA,"400991052"
153,1,"0:34",1234,"Vermont Deadball Team Rebound.",25,29,"Bradley","Vermont",NA,"400991052"
154,1,"0:32",1232,"Payton Henson made Free Throw.",26,29,"Bradley","Vermont",NA,"400991052"
155,1,"0:31",1231,"Bradley  Timeout",26,29,"Bradley","Vermont",NA,"400991052"
156,1,"0:07",1207,"Jayden Hodgson made Layup.",26,31,"Bradley","Vermont",NA,"400991052"
157,1,"0:07",1207,"Foul on Trae Bell-Haynes.",26,31,"Bradley","Vermont",NA,"400991052"
158,1,"0:07",1207,"Jayden Hodgson made Free Throw.",26,32,"Bradley","Vermont",NA,"400991052"
159,1,"0:03",1203,"Trae Bell-Haynes missed Three Point Jumper.",26,32,"Bradley","Vermont",NA,"400991052"
160,1,"0:03",1203,"Dwayne Lautier-Ogunleye Defensive Rebound.",26,32,"Bradley","Vermont",NA,"400991052"
161,1,"0:00",1200,"End of 1st half",26,32,"Bradley","Vermont",NA,"400991052"
162,2,"20:00",1200,"PLAY",26,32,"Bradley","Vermont",NA,"400991052"
163,2,"19:47",1187,"Luuk van Bree missed Three Point Jumper.",26,32,"Bradley","Vermont",NA,"400991052"
164,2,"19:47",1187,"Ernie Duncan Defensive Rebound.",26,32,"Bradley","Vermont",NA,"400991052"
165,2,"19:29",1169,"Trae Bell-Haynes missed Layup.",26,32,"Bradley","Vermont",NA,"400991052"
166,2,"19:29",1169,"Luuk van Bree Defensive Rebound.",26,32,"Bradley","Vermont",NA,"400991052"
167,2,"19:20",1160,"Foul on Dwayne Lautier-Ogunleye.",26,32,"Bradley","Vermont",NA,"400991052"
168,2,"19:20",1160,"Dwayne Lautier-Ogunleye Turnover.",26,32,"Bradley","Vermont",NA,"400991052"
169,2,"19:04",1144,"Anthony Lamb made Jumper. Assisted by Trae Bell-Haynes.",28,32,"Bradley","Vermont",NA,"400991052"
170,2,"18:47",1127,"Donte Thomas made Jumper.",28,34,"Bradley","Vermont",NA,"400991052"
171,2,"18:34",1114,"Anthony Lamb made Layup.",30,34,"Bradley","Vermont",NA,"400991052"
172,2,"18:34",1114,"Foul on Dwayne Lautier-Ogunleye.",30,34,"Bradley","Vermont",NA,"400991052"
173,2,"18:34",1114,"Anthony Lamb made Free Throw.",31,34,"Bradley","Vermont",NA,"400991052"
174,2,"18:04",1084,"Darrell Brown made Layup.",31,36,"Bradley","Vermont",NA,"400991052"
175,2,"17:51",1071,"Anthony Lamb missed Three Point Jumper.",31,36,"Bradley","Vermont",NA,"400991052"
176,2,"17:51",1071,"Luuk van Bree Defensive Rebound.",31,36,"Bradley","Vermont",NA,"400991052"
177,2,"17:40",1060,"Donte Thomas Turnover.",31,36,"Bradley","Vermont",NA,"400991052"
178,2,"17:26",1046,"Everett Duncan missed Three Point Jumper.",31,36,"Bradley","Vermont",NA,"400991052"
179,2,"17:26",1046,"Everett Duncan Offensive Rebound.",31,36,"Bradley","Vermont",NA,"400991052"
180,2,"17:20",1040,"Payton Henson made Three Point Jumper. Assisted by Trae Bell-Haynes.",34,36,"Bradley","Vermont",NA,"400991052"
181,2,"17:09",1029,"Foul on Ernie Duncan.",34,36,"Bradley","Vermont",NA,"400991052"
182,2,"16:51",1011,"Foul on Payton Henson.",34,36,"Bradley","Vermont",NA,"400991052"
183,2,"16:42",1002,"Darrell Brown made Jumper.",34,38,"Bradley","Vermont",NA,"400991052"
184,2,"16:16",976,"Everett Duncan made Layup. Assisted by Anthony Lamb.",36,38,"Bradley","Vermont",NA,"400991052"
185,2,"16:05",965,"Darrell Brown missed Jumper.",36,38,"Bradley","Vermont",NA,"400991052"
186,2,"16:05",965,"Donte Thomas Offensive Rebound.",36,38,"Bradley","Vermont",NA,"400991052"
187,2,"16:01",961,"Donte Thomas made Two Point Tip Shot.",36,40,"Bradley","Vermont",NA,"400991052"
188,2,"15:38",938,"Official TV Timeout",36,40,"Bradley","Vermont",NA,"400991052"
189,2,"15:37",937,"Trae Bell-Haynes Turnover.",36,40,"Bradley","Vermont",NA,"400991052"
190,2,"15:37",937,"Anthony Lamb missed Layup.",36,40,"Bradley","Vermont",NA,"400991052"
191,2,"15:37",937,"Payton Henson Offensive Rebound.",36,40,"Bradley","Vermont",NA,"400991052"
192,2,"15:36",936,"Elijah Childs Steal.",36,40,"Bradley","Vermont",NA,"400991052"
193,2,"15:36",936,"Nate Kennell Turnover.",36,40,"Bradley","Vermont",NA,"400991052"
194,2,"15:30",930,"Payton Henson missed Layup.",36,40,"Bradley","Vermont",NA,"400991052"
195,2,"15:30",930,"Jayden Hodgson Defensive Rebound.",36,40,"Bradley","Vermont",NA,"400991052"
196,2,"15:24",924,"JoJo McGlaston Turnover.",36,40,"Bradley","Vermont",NA,"400991052"
197,2,"15:24",924,"Anthony Lamb Steal.",36,40,"Bradley","Vermont",NA,"400991052"
198,2,"15:11",911,"Cam Ward missed Three Point Jumper.",36,40,"Bradley","Vermont",NA,"400991052"
199,2,"15:11",911,"Darrell Brown Defensive Rebound.",36,40,"Bradley","Vermont",NA,"400991052"
200,2,"14:58",898,"Elijah Childs made Layup. Assisted by Darrell Brown.",36,42,"Bradley","Vermont",NA,"400991052"
201,2,"14:40",880,"Anthony Lamb made Layup.",38,42,"Bradley","Vermont",NA,"400991052"
202,2,"14:20",860,"Elijah Childs missed Jumper.",38,42,"Bradley","Vermont",NA,"400991052"
203,2,"14:20",860,"Elijah Childs Offensive Rebound.",38,42,"Bradley","Vermont",NA,"400991052"
204,2,"14:16",856,"Elijah Childs made Two Point Tip Shot.",38,44,"Bradley","Vermont",NA,"400991052"
205,2,"14:01",841,"Anthony Lamb missed Layup.",38,44,"Bradley","Vermont",NA,"400991052"
206,2,"14:01",841,"Elijah Childs Block.",38,44,"Bradley","Vermont",NA,"400991052"
207,2,"13:59",839,"Elijah Childs Defensive Rebound.",38,44,"Bradley","Vermont",NA,"400991052"
208,2,"13:52",832,"Darrell Brown Turnover.",38,44,"Bradley","Vermont",NA,"400991052"
209,2,"13:26",806,"Trae Bell-Haynes made Layup.",40,44,"Bradley","Vermont",NA,"400991052"
210,2,"13:11",791,"Foul on Anthony Lamb.",40,44,"Bradley","Vermont",NA,"400991052"
211,2,"13:08",788,"Foul on Trae Bell-Haynes.",40,44,"Bradley","Vermont",NA,"400991052"
212,2,"13:08",788,"Nate Kennell missed Free Throw.",40,44,"Bradley","Vermont",NA,"400991052"
213,2,"13:08",788,"Bradley Deadball Team Rebound.",40,44,"Bradley","Vermont",NA,"400991052"
214,2,"13:08",788,"Nate Kennell missed Free Throw.",40,44,"Bradley","Vermont",NA,"400991052"
215,2,"13:08",788,"Stef Smith Defensive Rebound.",40,44,"Bradley","Vermont",NA,"400991052"
216,2,"12:52",772,"Stef Smith made Three Point Jumper. Assisted by Payton Henson.",43,44,"Bradley","Vermont",NA,"400991052"
217,2,"12:42",762,"Darrell Brown missed Three Point Jumper.",43,44,"Bradley","Vermont",NA,"400991052"
218,2,"12:42",762,"Vermont Deadball Team Rebound.",43,44,"Bradley","Vermont",NA,"400991052"
219,2,"12:39",759,"Foul on Callum Barker.",43,44,"Bradley","Vermont",NA,"400991052"
220,2,"12:16",736,"Everett Duncan made Jumper. Assisted by Drew Urquhart.",45,44,"Bradley","Vermont",NA,"400991052"
221,2,"12:07",727,"Donte Thomas Turnover.",45,44,"Bradley","Vermont",NA,"400991052"
222,2,"11:42",702,"Everett Duncan missed Three Point Jumper.",45,44,"Bradley","Vermont",NA,"400991052"
223,2,"11:42",702,"Drew Urquhart Offensive Rebound.",45,44,"Bradley","Vermont",NA,"400991052"
224,2,"11:38",698,"Foul on Donte Thomas.",45,44,"Bradley","Vermont",NA,"400991052"
225,2,"11:38",698,"Drew Urquhart made Free Throw.",46,44,"Bradley","Vermont",NA,"400991052"
226,2,"11:38",698,"Drew Urquhart made Free Throw.",47,44,"Bradley","Vermont",NA,"400991052"
227,2,"11:16",676,"Elijah Childs missed Jumper.",47,44,"Bradley","Vermont",NA,"400991052"
228,2,"11:16",676,"Stef Smith Defensive Rebound.",47,44,"Bradley","Vermont",NA,"400991052"
229,2,"10:57",657,"Foul on Darrell Brown.",47,44,"Bradley","Vermont",NA,"400991052"
230,2,"10:53",653,"Ernie Duncan missed Three Point Jumper.",47,44,"Bradley","Vermont",NA,"400991052"
231,2,"10:53",653,"Drew Urquhart Offensive Rebound.",47,44,"Bradley","Vermont",NA,"400991052"
232,2,"10:51",651,"Foul on Elijah Childs.",47,44,"Bradley","Vermont",NA,"400991052"
233,2,"10:51",651,"Drew Urquhart made Free Throw.",48,44,"Bradley","Vermont",NA,"400991052"
234,2,"10:51",651,"Drew Urquhart made Free Throw.",49,44,"Bradley","Vermont",NA,"400991052"
235,2,"10:33",633,"Donte Thomas made Layup. Assisted by Nate Kennell.",49,46,"Bradley","Vermont",NA,"400991052"
236,2,"10:14",614,"Foul on Nate Kennell.",49,46,"Bradley","Vermont",NA,"400991052"
237,2,"10:14",614,"Drew Urquhart made Free Throw.",50,46,"Bradley","Vermont",NA,"400991052"
238,2,"10:14",614,"Drew Urquhart made Free Throw.",51,46,"Bradley","Vermont",NA,"400991052"
239,2,"10:02",602,"Dwayne Lautier-Ogunleye Turnover.",51,46,"Bradley","Vermont",NA,"400991052"
240,2,"9:49",589,"Stef Smith Turnover.",51,46,"Bradley","Vermont",NA,"400991052"
241,2,"9:47",587,"Donte Thomas Steal.",51,46,"Bradley","Vermont",NA,"400991052"
242,2,"9:19",559,"Nate Kennell missed Three Point Jumper.",51,46,"Bradley","Vermont",NA,"400991052"
243,2,"9:19",559,"Vermont Deadball Team Rebound.",51,46,"Bradley","Vermont",NA,"400991052"
244,2,"9:01",541,"Foul on Luuk van Bree.",51,46,"Bradley","Vermont",NA,"400991052"
245,2,"9:01",541,"Stef Smith made Free Throw.",52,46,"Bradley","Vermont",NA,"400991052"
246,2,"9:01",541,"Stef Smith made Free Throw.",53,46,"Bradley","Vermont",NA,"400991052"
247,2,"8:55",535,"Bradley  Timeout",53,46,"Bradley","Vermont",NA,"400991052"
248,2,"8:41",521,"Foul on Everett Duncan.",53,46,"Bradley","Vermont",NA,"400991052"
249,2,"8:29",509,"Dwayne Lautier-Ogunleye missed Three Point Jumper.",53,46,"Bradley","Vermont",NA,"400991052"
250,2,"8:29",509,"Everett Duncan Defensive Rebound.",53,46,"Bradley","Vermont",NA,"400991052"
251,2,"7:59",479,"Anthony Lamb Turnover.",53,46,"Bradley","Vermont",NA,"400991052"
252,2,"7:58",478,"Dwayne Lautier-Ogunleye Steal.",53,46,"Bradley","Vermont",NA,"400991052"
253,2,"7:54",474,"Nate Kennell made Three Point Jumper. Assisted by Dwayne Lautier-Ogunleye.",53,49,"Bradley","Vermont",NA,"400991052"
254,2,"7:27",447,"Anthony Lamb missed Jumper.",53,49,"Bradley","Vermont",NA,"400991052"
255,2,"7:27",447,"Bradley Deadball Team Rebound.",53,49,"Bradley","Vermont",NA,"400991052"
256,2,"7:01",421,"Ryan Stipanovich Turnover.",53,49,"Bradley","Vermont",NA,"400991052"
257,2,"6:53",413,"Stef Smith made Three Point Jumper. Assisted by Trae Bell-Haynes.",56,49,"Bradley","Vermont",NA,"400991052"
258,2,"6:37",397,"Foul on Stef Smith.",56,49,"Bradley","Vermont",NA,"400991052"
259,2,"6:33",393,"Darrell Brown missed Jumper.",56,49,"Bradley","Vermont",NA,"400991052"
260,2,"6:33",393,"Drew Urquhart Defensive Rebound.",56,49,"Bradley","Vermont",NA,"400991052"
261,2,"6:30",390,"Foul on Elijah Childs.",56,49,"Bradley","Vermont",NA,"400991052"
262,2,"6:30",390,"Technical Foul on Bradley.",56,49,"Bradley","Vermont",NA,"400991052"
263,2,"6:30",390,"Ernie Duncan made Free Throw.",57,49,"Bradley","Vermont",NA,"400991052"
264,2,"6:30",390,"Ernie Duncan made Free Throw.",58,49,"Bradley","Vermont",NA,"400991052"
265,2,"6:30",390,"Trae Bell-Haynes missed Free Throw.",58,49,"Bradley","Vermont",NA,"400991052"
266,2,"6:30",390,"Elijah Childs Defensive Rebound.",58,49,"Bradley","Vermont",NA,"400991052"
267,2,"6:09",369,"Darrell Brown missed Jumper.",58,49,"Bradley","Vermont",NA,"400991052"
268,2,"6:09",369,"Bradley Deadball Team Rebound.",58,49,"Bradley","Vermont",NA,"400991052"
269,2,"6:09",369,"Foul on Ernie Duncan.",58,49,"Bradley","Vermont",NA,"400991052"
270,2,"6:09",369,"Dwayne Lautier-Ogunleye missed Free Throw.",58,49,"Bradley","Vermont",NA,"400991052"
271,2,"6:09",369,"Drew Urquhart Defensive Rebound.",58,49,"Bradley","Vermont",NA,"400991052"
272,2,"5:49",349,"Stef Smith missed Three Point Jumper.",58,49,"Bradley","Vermont",NA,"400991052"
273,2,"5:49",349,"Elijah Childs Defensive Rebound.",58,49,"Bradley","Vermont",NA,"400991052"
274,2,"5:38",338,"Donte Thomas made Layup.",58,51,"Bradley","Vermont",NA,"400991052"
275,2,"5:20",320,"Everett Duncan missed Three Point Jumper.",58,51,"Bradley","Vermont",NA,"400991052"
276,2,"5:20",320,"Dwayne Lautier-Ogunleye Defensive Rebound.",58,51,"Bradley","Vermont",NA,"400991052"
277,2,"5:12",312,"Nate Kennell made Three Point Jumper. Assisted by Dwayne Lautier-Ogunleye.",58,54,"Bradley","Vermont",NA,"400991052"
278,2,"5:10",310,"Bradley  Timeout",58,54,"Bradley","Vermont",NA,"400991052"
279,2,"4:58",298,"Trae Bell-Haynes missed Layup.",58,54,"Bradley","Vermont",NA,"400991052"
280,2,"4:58",298,"Elijah Childs Block.",58,54,"Bradley","Vermont",NA,"400991052"
281,2,"4:58",298,"Vermont Offensive Rebound.",58,54,"Bradley","Vermont",NA,"400991052"
282,2,"4:54",294,"Trae Bell-Haynes made Layup. Assisted by Stef Smith.",60,54,"Bradley","Vermont",NA,"400991052"
283,2,"4:34",274,"Donte Thomas missed Layup.",60,54,"Bradley","Vermont",NA,"400991052"
284,2,"4:34",274,"Trae Bell-Haynes Defensive Rebound.",60,54,"Bradley","Vermont",NA,"400991052"
285,2,"4:14",254,"Nate Kennell missed Jumper.",60,54,"Bradley","Vermont",NA,"400991052"
286,2,"4:14",254,"Elijah Childs Defensive Rebound.",60,54,"Bradley","Vermont",NA,"400991052"
287,2,"4:03",243,"Nate Kennell missed Three Point Jumper.",60,54,"Bradley","Vermont",NA,"400991052"
288,2,"4:03",243,"Donte Thomas Offensive Rebound.",60,54,"Bradley","Vermont",NA,"400991052"
289,2,"3:47",227,"Elijah Childs made Jumper.",60,56,"Bradley","Vermont",NA,"400991052"
290,2,"3:24",204,"Stef Smith Turnover.",60,56,"Bradley","Vermont",NA,"400991052"
291,2,"3:22",202,"Official TV Timeout",60,56,"Bradley","Vermont",NA,"400991052"
292,2,"3:06",186,"Jayden Hodgson made Jumper.",60,58,"Bradley","Vermont",NA,"400991052"
293,2,"3:06",186,"Foul on Drew Urquhart.",60,58,"Bradley","Vermont",NA,"400991052"
294,2,"3:06",186,"Jayden Hodgson missed Free Throw.",60,58,"Bradley","Vermont",NA,"400991052"
295,2,"3:06",186,"Payton Henson Defensive Rebound.",60,58,"Bradley","Vermont",NA,"400991052"
296,2,"2:45",165,"Payton Henson made Jumper. Assisted by Trae Bell-Haynes.",62,58,"Bradley","Vermont",NA,"400991052"
297,2,"2:27",147,"Elijah Childs missed Jumper.",62,58,"Bradley","Vermont",NA,"400991052"
298,2,"2:27",147,"Ernie Duncan Defensive Rebound.",62,58,"Bradley","Vermont",NA,"400991052"
299,2,"2:03",123,"Ernie Duncan missed Three Point Jumper.",62,58,"Bradley","Vermont",NA,"400991052"
300,2,"2:03",123,"Elijah Childs Defensive Rebound.",62,58,"Bradley","Vermont",NA,"400991052"
301,2,"1:50",110,"Foul on Drew Urquhart.",62,58,"Bradley","Vermont",NA,"400991052"
302,2,"1:50",110,"Elijah Childs made Free Throw.",62,59,"Bradley","Vermont",NA,"400991052"
303,2,"1:50",110,"Elijah Childs made Free Throw.",62,60,"Bradley","Vermont",NA,"400991052"
304,2,"1:37",97,"Trae Bell-Haynes made Layup.",64,60,"Bradley","Vermont",NA,"400991052"
305,2,"1:37",97,"Foul on Darrell Brown.",64,60,"Bradley","Vermont",NA,"400991052"
306,2,"1:37",97,"Trae Bell-Haynes missed Free Throw.",64,60,"Bradley","Vermont",NA,"400991052"
307,2,"1:37",97,"Bradley Defensive Rebound.",64,60,"Bradley","Vermont",NA,"400991052"
308,2,"1:22",82,"Darrell Brown made Jumper.",64,62,"Bradley","Vermont",NA,"400991052"
309,2,"0:56",56,"Trae Bell-Haynes missed Jumper.",64,62,"Bradley","Vermont",NA,"400991052"
310,2,"0:56",56,"Nate Kennell Defensive Rebound.",64,62,"Bradley","Vermont",NA,"400991052"
311,2,"0:46",46,"Elijah Childs Turnover.",64,62,"Bradley","Vermont",NA,"400991052"
312,2,"0:29",29,"Payton Henson missed Three Point Jumper.",64,62,"Bradley","Vermont",NA,"400991052"
313,2,"0:29",29,"Bradley Defensive Rebound.",64,62,"Bradley","Vermont",NA,"400991052"
314,2,"0:25",25,"Bradley  Timeout",64,62,"Bradley","Vermont",NA,"400991052"
315,2,"0:13",13,"Foul on Trae Bell-Haynes.",64,62,"Bradley","Vermont",NA,"400991052"
316,2,"0:11",11,"Darrell Brown made Free Throw.",64,63,"Bradley","Vermont",NA,"400991052"
317,2,"0:11",11,"Darrell Brown made Free Throw.",64,64,"Bradley","Vermont",NA,"400991052"
318,2,"0:11",11,"Vermont  Timeout",64,64,"Bradley","Vermont",NA,"400991052"
319,2,"0:02",2,"Foul on Darrell Brown.",64,64,"Bradley","Vermont",NA,"400991052"
320,2,"0:02",2,"Trae Bell-Haynes made Free Throw.",65,64,"Bradley","Vermont",NA,"400991052"
321,2,"0:02",2,"Trae Bell-Haynes missed Free Throw.",65,64,"Bradley","Vermont",NA,"400991052"
322,2,"0:02",2,"Donte Thomas Defensive Rebound.",65,64,"Bradley","Vermont",NA,"400991052"
323,2,"0:00",0,"Donte Thomas missed Jumper.",65,64,"Bradley","Vermont",NA,"400991052"
324,2,"0:00",0,"Vermont Deadball Team Rebound.",65,64,"Bradley","Vermont",NA,"400991052"
325,2,"0:00",0,"End of Game",65,64,"Bradley","Vermont",NA,"400991052"
1,1,"20:00",2400,"PLAY",0,0,"Coastal Carolina","Vermont",-10,"401001057"
2,1,"19:31",2371,"Zac Cuthbertson missed Three Point Jumper.",0,0,"Coastal Carolina","Vermont",-10,"401001057"
3,1,"19:31",2371,"Vermont Deadball Team Rebound.",0,0,"Coastal Carolina","Vermont",-10,"401001057"
4,1,"19:28",2368,"Foul on Josh Coleman.",0,0,"Coastal Carolina","Vermont",-10,"401001057"
5,1,"19:16",2356,"Foul on Ernie Duncan.",0,0,"Coastal Carolina","Vermont",-10,"401001057"
6,1,"19:16",2356,"Ernie Duncan Turnover.",0,0,"Coastal Carolina","Vermont",-10,"401001057"
7,1,"19:01",2341,"Foul on Anthony Lamb.",0,0,"Coastal Carolina","Vermont",-10,"401001057"
8,1,"18:47",2327,"Jaylen Shaw missed Jumper.",0,0,"Coastal Carolina","Vermont",-10,"401001057"
9,1,"18:47",2327,"Ernie Duncan Defensive Rebound.",0,0,"Coastal Carolina","Vermont",-10,"401001057"
10,1,"18:36",2316,"Anthony Lamb missed Three Point Jumper.",0,0,"Coastal Carolina","Vermont",-10,"401001057"
11,1,"18:36",2316,"Matt Lindsey Defensive Rebound.",0,0,"Coastal Carolina","Vermont",-10,"401001057"
12,1,"18:12",2292,"Jaylen Shaw Turnover.",0,0,"Coastal Carolina","Vermont",-10,"401001057"
13,1,"18:03",2283,"Everett Duncan made Three Point Jumper. Assisted by Drew Urquhart.",3,0,"Coastal Carolina","Vermont",-10,"401001057"
14,1,"17:35",2255,"Ajay Sanders missed Jumper.",3,0,"Coastal Carolina","Vermont",-10,"401001057"
15,1,"17:35",2255,"Ernie Duncan Defensive Rebound.",3,0,"Coastal Carolina","Vermont",-10,"401001057"
16,1,"17:25",2245,"Foul on Matt Lindsey.",3,0,"Coastal Carolina","Vermont",-10,"401001057"
17,1,"17:17",2237,"Ernie Duncan Turnover.",3,0,"Coastal Carolina","Vermont",-10,"401001057"
18,1,"16:58",2218,"Foul on Stef Smith.",3,0,"Coastal Carolina","Vermont",-10,"401001057"
19,1,"16:58",2218,"Zac Cuthbertson made Free Throw.",3,1,"Coastal Carolina","Vermont",-10,"401001057"
20,1,"16:58",2218,"Zac Cuthbertson made Free Throw.",3,2,"Coastal Carolina","Vermont",-10,"401001057"
21,1,"16:45",2205,"Drew Urquhart missed Layup.",3,2,"Coastal Carolina","Vermont",-10,"401001057"
22,1,"16:45",2205,"Zac Cuthbertson Defensive Rebound.",3,2,"Coastal Carolina","Vermont",-10,"401001057"
23,1,"16:37",2197,"Matt Lindsey missed Three Point Jumper.",3,2,"Coastal Carolina","Vermont",-10,"401001057"
24,1,"16:37",2197,"Drew Urquhart Defensive Rebound.",3,2,"Coastal Carolina","Vermont",-10,"401001057"
25,1,"16:26",2186,"Trae Bell-Haynes made Layup.",5,2,"Coastal Carolina","Vermont",-10,"401001057"
26,1,"16:03",2163,"Zac Cuthbertson made Layup.",5,4,"Coastal Carolina","Vermont",-10,"401001057"
27,1,"16:03",2163,"Foul on Drew Urquhart.",5,4,"Coastal Carolina","Vermont",-10,"401001057"
28,1,"16:03",2163,"Zac Cuthbertson made Free Throw.",5,5,"Coastal Carolina","Vermont",-10,"401001057"
29,1,"15:53",2153,"Everett Duncan missed Three Point Jumper.",5,5,"Coastal Carolina","Vermont",-10,"401001057"
30,1,"15:53",2153,"Josh Coleman Defensive Rebound.",5,5,"Coastal Carolina","Vermont",-10,"401001057"
31,1,"15:37",2137,"Josh Coleman missed Jumper.",5,5,"Coastal Carolina","Vermont",-10,"401001057"
32,1,"15:37",2137,"Everett Duncan Defensive Rebound.",5,5,"Coastal Carolina","Vermont",-10,"401001057"
33,1,"15:23",2123,"Stef Smith made Three Point Jumper. Assisted by Everett Duncan.",8,5,"Coastal Carolina","Vermont",-10,"401001057"
34,1,"14:55",2095,"Zac Cuthbertson made Jumper. Assisted by Ajay Sanders.",8,7,"Coastal Carolina","Vermont",-10,"401001057"
35,1,"14:31",2071,"Stef Smith missed Jumper.",8,7,"Coastal Carolina","Vermont",-10,"401001057"
36,1,"14:31",2071,"Zac Cuthbertson Defensive Rebound.",8,7,"Coastal Carolina","Vermont",-10,"401001057"
37,1,"14:26",2066,"Ajay Sanders made Three Point Jumper. Assisted by Jaylen Shaw.",8,10,"Coastal Carolina","Vermont",-10,"401001057"
38,1,"14:23",2063,"Vermont  Timeout",8,10,"Coastal Carolina","Vermont",-10,"401001057"
39,1,"14:23",2063,"Official TV Timeout",8,10,"Coastal Carolina","Vermont",-10,"401001057"
40,1,"14:08",2048,"Skyler Nash made Three Point Jumper. Assisted by Trae Bell-Haynes.",11,10,"Coastal Carolina","Vermont",-10,"401001057"
41,1,"13:48",2028,"Zac Cuthbertson made Layup.",11,12,"Coastal Carolina","Vermont",-10,"401001057"
42,1,"13:24",2004,"Drew Urquhart made Jumper.",13,12,"Coastal Carolina","Vermont",-10,"401001057"
43,1,"13:14",1994,"Trevion Brown missed Jumper.",13,12,"Coastal Carolina","Vermont",-10,"401001057"
44,1,"13:14",1994,"Anthony Lamb Defensive Rebound.",13,12,"Coastal Carolina","Vermont",-10,"401001057"
45,1,"13:03",1983,"Ernie Duncan missed Three Point Jumper.",13,12,"Coastal Carolina","Vermont",-10,"401001057"
46,1,"13:03",1983,"Zac Cuthbertson Defensive Rebound.",13,12,"Coastal Carolina","Vermont",-10,"401001057"
47,1,"12:57",1977,"Artur Labinowicz made Three Point Jumper. Assisted by Matt Lindsey.",13,15,"Coastal Carolina","Vermont",-10,"401001057"
48,1,"12:44",1964,"Foul on Matt Lindsey.",13,15,"Coastal Carolina","Vermont",-10,"401001057"
49,1,"12:37",1957,"Cam Ward made Three Point Jumper. Assisted by Ernie Duncan.",16,15,"Coastal Carolina","Vermont",-10,"401001057"
50,1,"12:04",1924,"Jaylen Shaw made Jumper.",16,17,"Coastal Carolina","Vermont",-10,"401001057"
51,1,"11:44",1904,"Skyler Nash missed Three Point Jumper.",16,17,"Coastal Carolina","Vermont",-10,"401001057"
52,1,"11:44",1904,"Demario Beck Defensive Rebound.",16,17,"Coastal Carolina","Vermont",-10,"401001057"
53,1,"11:25",1885,"Ajay Sanders missed Jumper.",16,17,"Coastal Carolina","Vermont",-10,"401001057"
54,1,"11:25",1885,"Josh Coleman Offensive Rebound.",16,17,"Coastal Carolina","Vermont",-10,"401001057"
55,1,"11:12",1872,"Josh Coleman made Layup.",16,19,"Coastal Carolina","Vermont",-10,"401001057"
56,1,"11:10",1870,"Cam Ward Turnover.",16,19,"Coastal Carolina","Vermont",-10,"401001057"
57,1,"11:08",1868,"Artur Labinowicz Steal.",16,19,"Coastal Carolina","Vermont",-10,"401001057"
58,1,"11:05",1865,"Artur Labinowicz made Layup.",16,21,"Coastal Carolina","Vermont",-10,"401001057"
59,1,"10:43",1843,"Drew Urquhart made Jumper.",18,21,"Coastal Carolina","Vermont",-10,"401001057"
60,1,"10:25",1825,"Artur Labinowicz missed Jumper.",18,21,"Coastal Carolina","Vermont",-10,"401001057"
61,1,"10:25",1825,"Vermont Deadball Team Rebound.",18,21,"Coastal Carolina","Vermont",-10,"401001057"
62,1,"10:25",1825,"Foul on Demario Beck.",18,21,"Coastal Carolina","Vermont",-10,"401001057"
63,1,"10:25",1825,"Official TV Timeout",18,21,"Coastal Carolina","Vermont",-10,"401001057"
64,1,"10:12",1812,"Cam Ward missed Three Point Jumper.",18,21,"Coastal Carolina","Vermont",-10,"401001057"
65,1,"10:12",1812,"Nate Rohrer Offensive Rebound.",18,21,"Coastal Carolina","Vermont",-10,"401001057"
66,1,"9:55",1795,"Foul on Payton Henson.",18,21,"Coastal Carolina","Vermont",-10,"401001057"
67,1,"9:55",1795,"Payton Henson Turnover.",18,21,"Coastal Carolina","Vermont",-10,"401001057"
68,1,"9:34",1774,"Josh Coleman missed Jumper.",18,21,"Coastal Carolina","Vermont",-10,"401001057"
69,1,"9:34",1774,"Vermont Deadball Team Rebound.",18,21,"Coastal Carolina","Vermont",-10,"401001057"
70,1,"9:34",1774,"Foul on Artur Labinowicz.",18,21,"Coastal Carolina","Vermont",-10,"401001057"
71,1,"9:17",1757,"Ernie Duncan missed Three Point Jumper.",18,21,"Coastal Carolina","Vermont",-10,"401001057"
72,1,"9:17",1757,"Josh Coleman Defensive Rebound.",18,21,"Coastal Carolina","Vermont",-10,"401001057"
73,1,"9:04",1744,"Jaylen Shaw made Layup. Assisted by Josh Coleman.",18,23,"Coastal Carolina","Vermont",-10,"401001057"
74,1,"8:48",1728,"Everett Duncan made Three Point Jumper. Assisted by Trae Bell-Haynes.",21,23,"Coastal Carolina","Vermont",-10,"401001057"
75,1,"8:30",1710,"Demario Beck made Three Point Jumper. Assisted by Artur Labinowicz.",21,26,"Coastal Carolina","Vermont",-10,"401001057"
76,1,"8:17",1697,"Payton Henson missed Three Point Jumper.",21,26,"Coastal Carolina","Vermont",-10,"401001057"
77,1,"8:17",1697,"Everett Duncan Offensive Rebound.",21,26,"Coastal Carolina","Vermont",-10,"401001057"
78,1,"8:04",1684,"Payton Henson made Jumper. Assisted by Ernie Duncan.",23,26,"Coastal Carolina","Vermont",-10,"401001057"
79,1,"8:04",1684,"Foul on Josh Coleman.",23,26,"Coastal Carolina","Vermont",-10,"401001057"
80,1,"8:04",1684,"Payton Henson made Free Throw.",24,26,"Coastal Carolina","Vermont",-10,"401001057"
81,1,"7:45",1665,"Zac Cuthbertson missed Jumper.",24,26,"Coastal Carolina","Vermont",-10,"401001057"
82,1,"7:45",1665,"Trae Bell-Haynes Defensive Rebound.",24,26,"Coastal Carolina","Vermont",-10,"401001057"
83,1,"7:38",1658,"Foul on Trevion Brown.",24,26,"Coastal Carolina","Vermont",-10,"401001057"
84,1,"7:38",1658,"Official TV Timeout",24,26,"Coastal Carolina","Vermont",-10,"401001057"
85,1,"7:38",1658,"Trae Bell-Haynes missed Free Throw.",24,26,"Coastal Carolina","Vermont",-10,"401001057"
86,1,"7:38",1658,"Vermont Deadball Team Rebound.",24,26,"Coastal Carolina","Vermont",-10,"401001057"
87,1,"7:38",1658,"Trae Bell-Haynes made Free Throw.",25,26,"Coastal Carolina","Vermont",-10,"401001057"
88,1,"7:19",1639,"Artur Labinowicz missed Three Point Jumper.",25,26,"Coastal Carolina","Vermont",-10,"401001057"
89,1,"7:19",1639,"Ajay Sanders Offensive Rebound.",25,26,"Coastal Carolina","Vermont",-10,"401001057"
90,1,"7:11",1631,"Ajay Sanders missed Three Point Jumper.",25,26,"Coastal Carolina","Vermont",-10,"401001057"
91,1,"7:11",1631,"Zac Cuthbertson Offensive Rebound.",25,26,"Coastal Carolina","Vermont",-10,"401001057"
92,1,"7:07",1627,"Zac Cuthbertson missed Layup.",25,26,"Coastal Carolina","Vermont",-10,"401001057"
93,1,"7:07",1627,"Zac Cuthbertson Offensive Rebound.",25,26,"Coastal Carolina","Vermont",-10,"401001057"
94,1,"7:05",1625,"Zac Cuthbertson made Layup.",25,28,"Coastal Carolina","Vermont",-10,"401001057"
95,1,"6:40",1600,"Trae Bell-Haynes Turnover.",25,28,"Coastal Carolina","Vermont",-10,"401001057"
96,1,"6:35",1595,"Ajay Sanders Turnover.",25,28,"Coastal Carolina","Vermont",-10,"401001057"
97,1,"6:33",1593,"Stef Smith Steal.",25,28,"Coastal Carolina","Vermont",-10,"401001057"
98,1,"6:30",1590,"Ernie Duncan made Layup. Assisted by Stef Smith.",27,28,"Coastal Carolina","Vermont",-10,"401001057"
99,1,"6:15",1575,"Amidou Bamba made Jumper.",27,30,"Coastal Carolina","Vermont",-10,"401001057"
100,1,"5:52",1552,"Foul on Trae Bell-Haynes.",27,30,"Coastal Carolina","Vermont",-10,"401001057"
101,1,"5:52",1552,"Trae Bell-Haynes Turnover.",27,30,"Coastal Carolina","Vermont",-10,"401001057"
102,1,"5:36",1536,"Amidou Bamba missed Layup.",27,30,"Coastal Carolina","Vermont",-10,"401001057"
103,1,"5:36",1536,"Payton Henson Defensive Rebound.",27,30,"Coastal Carolina","Vermont",-10,"401001057"
104,1,"5:27",1527,"Foul on Ajay Sanders.",27,30,"Coastal Carolina","Vermont",-10,"401001057"
105,1,"5:27",1527,"Payton Henson made Free Throw.",28,30,"Coastal Carolina","Vermont",-10,"401001057"
106,1,"5:27",1527,"Payton Henson made Free Throw.",29,30,"Coastal Carolina","Vermont",-10,"401001057"
107,1,"5:14",1514,"Jaylen Shaw missed Jumper.",29,30,"Coastal Carolina","Vermont",-10,"401001057"
108,1,"5:14",1514,"Anthony Lamb Defensive Rebound.",29,30,"Coastal Carolina","Vermont",-10,"401001057"
109,1,"5:02",1502,"Anthony Lamb missed Layup.",29,30,"Coastal Carolina","Vermont",-10,"401001057"
110,1,"5:02",1502,"Vermont Offensive Rebound.",29,30,"Coastal Carolina","Vermont",-10,"401001057"
111,1,"4:59",1499,"Foul on Christian Adams.",29,30,"Coastal Carolina","Vermont",-10,"401001057"
112,1,"4:59",1499,"Trae Bell-Haynes missed Free Throw.",29,30,"Coastal Carolina","Vermont",-10,"401001057"
113,1,"4:59",1499,"Zac Cuthbertson Defensive Rebound.",29,30,"Coastal Carolina","Vermont",-10,"401001057"
114,1,"4:30",1470,"Jaylen Shaw missed Jumper.",29,30,"Coastal Carolina","Vermont",-10,"401001057"
115,1,"4:30",1470,"Anthony Lamb Defensive Rebound.",29,30,"Coastal Carolina","Vermont",-10,"401001057"
116,1,"4:02",1442,"Trae Bell-Haynes missed Jumper.",29,30,"Coastal Carolina","Vermont",-10,"401001057"
117,1,"4:02",1442,"Amidou Bamba Defensive Rebound.",29,30,"Coastal Carolina","Vermont",-10,"401001057"
118,1,"3:32",1412,"Zac Cuthbertson missed Jumper.",29,30,"Coastal Carolina","Vermont",-10,"401001057"
119,1,"3:32",1412,"Anthony Lamb Defensive Rebound.",29,30,"Coastal Carolina","Vermont",-10,"401001057"
120,1,"3:22",1402,"Ernie Duncan made Three Point Jumper. Assisted by Everett Duncan.",32,30,"Coastal Carolina","Vermont",-10,"401001057"
121,1,"2:49",1369,"Jaylen Shaw made Three Point Jumper.",32,33,"Coastal Carolina","Vermont",-10,"401001057"
122,1,"2:19",1339,"Ernie Duncan missed Three Point Jumper.",32,33,"Coastal Carolina","Vermont",-10,"401001057"
123,1,"2:19",1339,"Zac Cuthbertson Defensive Rebound.",32,33,"Coastal Carolina","Vermont",-10,"401001057"
124,1,"2:17",1337,"Foul on Payton Henson.",32,33,"Coastal Carolina","Vermont",-10,"401001057"
125,1,"2:17",1337,"Official TV Timeout",32,33,"Coastal Carolina","Vermont",-10,"401001057"
126,1,"2:17",1337,"Zac Cuthbertson missed Free Throw.",32,33,"Coastal Carolina","Vermont",-10,"401001057"
127,1,"2:17",1337,"Ernie Duncan Defensive Rebound.",32,33,"Coastal Carolina","Vermont",-10,"401001057"
128,1,"1:55",1315,"Foul on Artur Labinowicz.",32,33,"Coastal Carolina","Vermont",-10,"401001057"
129,1,"1:55",1315,"Trae Bell-Haynes made Free Throw.",33,33,"Coastal Carolina","Vermont",-10,"401001057"
130,1,"1:55",1315,"Trae Bell-Haynes made Free Throw.",34,33,"Coastal Carolina","Vermont",-10,"401001057"
131,1,"1:36",1296,"Foul on Drew Urquhart.",34,33,"Coastal Carolina","Vermont",-10,"401001057"
132,1,"1:36",1296,"Zac Cuthbertson made Free Throw.",34,34,"Coastal Carolina","Vermont",-10,"401001057"
133,1,"1:36",1296,"Zac Cuthbertson made Free Throw.",34,35,"Coastal Carolina","Vermont",-10,"401001057"
134,1,"1:26",1286,"Ernie Duncan Turnover.",34,35,"Coastal Carolina","Vermont",-10,"401001057"
135,1,"1:24",1284,"Demario Beck Steal.",34,35,"Coastal Carolina","Vermont",-10,"401001057"
136,1,"1:18",1278,"Coastal Carolina  Timeout",34,35,"Coastal Carolina","Vermont",-10,"401001057"
137,1,"1:03",1263,"Jaylen Shaw Turnover.",34,35,"Coastal Carolina","Vermont",-10,"401001057"
138,1,"0:49",1249,"Trae Bell-Haynes made Jumper. Assisted by Ernie Duncan.",36,35,"Coastal Carolina","Vermont",-10,"401001057"
139,1,"0:15",1215,"Ajay Sanders missed Three Point Jumper.",36,35,"Coastal Carolina","Vermont",-10,"401001057"
140,1,"0:12",1212,"Drew Urquhart Defensive Rebound.",36,35,"Coastal Carolina","Vermont",-10,"401001057"
141,1,"0:11",1211,"Foul on Demario Beck.",36,35,"Coastal Carolina","Vermont",-10,"401001057"
142,1,"0:11",1211,"Drew Urquhart missed Free Throw.",36,35,"Coastal Carolina","Vermont",-10,"401001057"
143,1,"0:11",1211,"Vermont Deadball Team Rebound.",36,35,"Coastal Carolina","Vermont",-10,"401001057"
144,1,"0:11",1211,"Drew Urquhart made Free Throw.",37,35,"Coastal Carolina","Vermont",-10,"401001057"
145,1,"0:04",1204,"Jaylen Shaw made Three Point Jumper.",37,38,"Coastal Carolina","Vermont",-10,"401001057"
146,1,"0:00",1200,"End of 1st half",37,38,"Coastal Carolina","Vermont",-10,"401001057"
147,2,"20:00",1200,"PLAY",37,38,"Coastal Carolina","Vermont",-10,"401001057"
148,2,"19:50",1190,"Trae Bell-Haynes missed Layup.",37,38,"Coastal Carolina","Vermont",-10,"401001057"
149,2,"19:50",1190,"Zac Cuthbertson Defensive Rebound.",37,38,"Coastal Carolina","Vermont",-10,"401001057"
150,2,"19:24",1164,"Jaylen Shaw missed Three Point Jumper.",37,38,"Coastal Carolina","Vermont",-10,"401001057"
151,2,"19:24",1164,"Payton Henson Defensive Rebound.",37,38,"Coastal Carolina","Vermont",-10,"401001057"
152,2,"18:58",1138,"Payton Henson made Layup. Assisted by Ernie Duncan.",39,38,"Coastal Carolina","Vermont",-10,"401001057"
153,2,"18:34",1114,"Matt Lindsey Turnover.",39,38,"Coastal Carolina","Vermont",-10,"401001057"
154,2,"18:32",1112,"Payton Henson Steal.",39,38,"Coastal Carolina","Vermont",-10,"401001057"
155,2,"18:29",1109,"Foul on Ajay Sanders.",39,38,"Coastal Carolina","Vermont",-10,"401001057"
156,2,"18:29",1109,"Everett Duncan made Free Throw.",40,38,"Coastal Carolina","Vermont",-10,"401001057"
157,2,"18:29",1109,"Everett Duncan missed Free Throw.",40,38,"Coastal Carolina","Vermont",-10,"401001057"
158,2,"18:29",1109,"Zac Cuthbertson Defensive Rebound.",40,38,"Coastal Carolina","Vermont",-10,"401001057"
159,2,"18:09",1089,"Foul on Payton Henson.",40,38,"Coastal Carolina","Vermont",-10,"401001057"
160,2,"18:09",1089,"Zac Cuthbertson made Free Throw.",40,39,"Coastal Carolina","Vermont",-10,"401001057"
161,2,"18:09",1089,"Zac Cuthbertson made Free Throw.",40,40,"Coastal Carolina","Vermont",-10,"401001057"
162,2,"17:54",1074,"Anthony Lamb missed Jumper.",40,40,"Coastal Carolina","Vermont",-10,"401001057"
163,2,"17:54",1074,"Zac Cuthbertson Defensive Rebound.",40,40,"Coastal Carolina","Vermont",-10,"401001057"
164,2,"17:42",1062,"Josh Coleman made Jumper. Assisted by Jaylen Shaw.",40,42,"Coastal Carolina","Vermont",-10,"401001057"
165,2,"17:23",1043,"Ernie Duncan made Three Point Jumper. Assisted by Trae Bell-Haynes.",43,42,"Coastal Carolina","Vermont",-10,"401001057"
166,2,"16:59",1019,"Zac Cuthbertson made Free Throw.",43,43,"Coastal Carolina","Vermont",-10,"401001057"
167,2,"16:58",1018,"Foul on Drew Urquhart.",43,43,"Coastal Carolina","Vermont",-10,"401001057"
168,2,"16:58",1018,"Josh Coleman Turnover.",43,43,"Coastal Carolina","Vermont",-10,"401001057"
169,2,"16:56",1016,"Anthony Lamb missed Three Point Jumper.",43,43,"Coastal Carolina","Vermont",-10,"401001057"
170,2,"16:56",1016,"Zac Cuthbertson Defensive Rebound.",43,43,"Coastal Carolina","Vermont",-10,"401001057"
171,2,"16:45",1005,"Matt Lindsey missed Three Point Jumper.",43,43,"Coastal Carolina","Vermont",-10,"401001057"
172,2,"16:45",1005,"Anthony Lamb Defensive Rebound.",43,43,"Coastal Carolina","Vermont",-10,"401001057"
173,2,"16:28",988,"Trae Bell-Haynes made Jumper.",45,43,"Coastal Carolina","Vermont",-10,"401001057"
174,2,"16:17",977,"Foul on Zac Cuthbertson.",45,43,"Coastal Carolina","Vermont",-10,"401001057"
175,2,"16:17",977,"Zac Cuthbertson Turnover.",45,43,"Coastal Carolina","Vermont",-10,"401001057"
176,2,"16:04",964,"Anthony Lamb made Jumper. Assisted by Ernie Duncan.",47,43,"Coastal Carolina","Vermont",-10,"401001057"
177,2,"15:42",942,"Artur Labinowicz made Layup.",47,45,"Coastal Carolina","Vermont",-10,"401001057"
178,2,"15:21",921,"Everett Duncan missed Three Point Jumper.",47,45,"Coastal Carolina","Vermont",-10,"401001057"
179,2,"15:21",921,"Nate Rohrer Offensive Rebound.",47,45,"Coastal Carolina","Vermont",-10,"401001057"
180,2,"15:16",916,"Nate Rohrer missed Two Point Tip Shot.",47,45,"Coastal Carolina","Vermont",-10,"401001057"
181,2,"15:16",916,"Everett Duncan Offensive Rebound.",47,45,"Coastal Carolina","Vermont",-10,"401001057"
182,2,"15:06",906,"Ernie Duncan missed Three Point Jumper.",47,45,"Coastal Carolina","Vermont",-10,"401001057"
183,2,"15:06",906,"Artur Labinowicz Defensive Rebound.",47,45,"Coastal Carolina","Vermont",-10,"401001057"
184,2,"15:02",902,"Foul on Everett Duncan.",47,45,"Coastal Carolina","Vermont",-10,"401001057"
185,2,"15:02",902,"Official TV Timeout",47,45,"Coastal Carolina","Vermont",-10,"401001057"
186,2,"14:48",888,"Trevion Brown missed Layup.",47,45,"Coastal Carolina","Vermont",-10,"401001057"
187,2,"14:48",888,"Vermont Defensive Rebound.",47,45,"Coastal Carolina","Vermont",-10,"401001057"
188,2,"14:28",868,"Ernie Duncan Turnover.",47,45,"Coastal Carolina","Vermont",-10,"401001057"
189,2,"14:24",864,"Matt Lindsey Steal.",47,45,"Coastal Carolina","Vermont",-10,"401001057"
190,2,"14:14",854,"Artur Labinowicz missed Jumper.",47,45,"Coastal Carolina","Vermont",-10,"401001057"
191,2,"14:14",854,"Nate Rohrer Block.",47,45,"Coastal Carolina","Vermont",-10,"401001057"
192,2,"14:12",852,"Trae Bell-Haynes Defensive Rebound.",47,45,"Coastal Carolina","Vermont",-10,"401001057"
193,2,"14:04",844,"Anthony Lamb missed Three Point Jumper.",47,45,"Coastal Carolina","Vermont",-10,"401001057"
194,2,"14:04",844,"Jaylen Shaw Defensive Rebound.",47,45,"Coastal Carolina","Vermont",-10,"401001057"
195,2,"13:47",827,"Foul on Josh Coleman.",47,45,"Coastal Carolina","Vermont",-10,"401001057"
196,2,"13:47",827,"Josh Coleman Turnover.",47,45,"Coastal Carolina","Vermont",-10,"401001057"
197,2,"13:25",805,"Nate Rohrer missed Layup.",47,45,"Coastal Carolina","Vermont",-10,"401001057"
198,2,"13:25",805,"Payton Henson Offensive Rebound.",47,45,"Coastal Carolina","Vermont",-10,"401001057"
199,2,"13:20",800,"Foul on Zac Cuthbertson.",47,45,"Coastal Carolina","Vermont",-10,"401001057"
200,2,"13:20",800,"Payton Henson missed Free Throw.",47,45,"Coastal Carolina","Vermont",-10,"401001057"
201,2,"13:20",800,"Vermont Deadball Team Rebound.",47,45,"Coastal Carolina","Vermont",-10,"401001057"
202,2,"13:20",800,"Payton Henson made Free Throw.",48,45,"Coastal Carolina","Vermont",-10,"401001057"
203,2,"12:50",770,"Foul on Demario Beck.",48,45,"Coastal Carolina","Vermont",-10,"401001057"
204,2,"12:50",770,"Demario Beck Turnover.",48,45,"Coastal Carolina","Vermont",-10,"401001057"
205,2,"12:44",764,"Payton Henson made Three Point Jumper. Assisted by Skyler Nash.",51,45,"Coastal Carolina","Vermont",-10,"401001057"
206,2,"12:27",747,"Amidou Bamba missed Jumper.",51,45,"Coastal Carolina","Vermont",-10,"401001057"
207,2,"12:27",747,"Payton Henson Defensive Rebound.",51,45,"Coastal Carolina","Vermont",-10,"401001057"
208,2,"12:17",737,"Stef Smith missed Three Point Jumper.",51,45,"Coastal Carolina","Vermont",-10,"401001057"
209,2,"12:17",737,"Jaylen Shaw Defensive Rebound.",51,45,"Coastal Carolina","Vermont",-10,"401001057"
210,2,"12:14",734,"Foul on Payton Henson.",51,45,"Coastal Carolina","Vermont",-10,"401001057"
211,2,"11:57",717,"Zac Cuthbertson made Jumper.",51,47,"Coastal Carolina","Vermont",-10,"401001057"
212,2,"11:57",717,"Foul on Anthony Lamb.",51,47,"Coastal Carolina","Vermont",-10,"401001057"
213,2,"11:57",717,"Official TV Timeout",51,47,"Coastal Carolina","Vermont",-10,"401001057"
214,2,"11:57",717,"Zac Cuthbertson made Free Throw.",51,48,"Coastal Carolina","Vermont",-10,"401001057"
215,2,"11:24",684,"Stef Smith Turnover.",51,48,"Coastal Carolina","Vermont",-10,"401001057"
216,2,"11:11",671,"Zac Cuthbertson made Layup. Assisted by Artur Labinowicz.",51,50,"Coastal Carolina","Vermont",-10,"401001057"
217,2,"10:57",657,"Skyler Nash Turnover.",51,50,"Coastal Carolina","Vermont",-10,"401001057"
218,2,"10:56",656,"Jaylen Shaw Steal.",51,50,"Coastal Carolina","Vermont",-10,"401001057"
219,2,"10:54",654,"Jaylen Shaw made Layup.",51,52,"Coastal Carolina","Vermont",-10,"401001057"
220,2,"10:45",645,"Vermont  Timeout",51,52,"Coastal Carolina","Vermont",-10,"401001057"
221,2,"10:45",645,"Official TV Timeout",51,52,"Coastal Carolina","Vermont",-10,"401001057"
222,2,"10:33",633,"Drew Urquhart made Layup. Assisted by Nate Rohrer.",53,52,"Coastal Carolina","Vermont",-10,"401001057"
223,2,"10:21",621,"Jaylen Shaw missed Jumper.",53,52,"Coastal Carolina","Vermont",-10,"401001057"
224,2,"10:21",621,"Zac Cuthbertson Offensive Rebound.",53,52,"Coastal Carolina","Vermont",-10,"401001057"
225,2,"10:17",617,"Zac Cuthbertson made Layup.",53,54,"Coastal Carolina","Vermont",-10,"401001057"
226,2,"10:07",607,"Trae Bell-Haynes made Three Point Jumper.",56,54,"Coastal Carolina","Vermont",-10,"401001057"
227,2,"9:42",582,"Foul on Artur Labinowicz.",56,54,"Coastal Carolina","Vermont",-10,"401001057"
228,2,"9:42",582,"Artur Labinowicz Turnover.",56,54,"Coastal Carolina","Vermont",-10,"401001057"
229,2,"9:35",575,"Foul on Artur Labinowicz.",56,54,"Coastal Carolina","Vermont",-10,"401001057"
230,2,"9:35",575,"Ernie Duncan made Free Throw.",57,54,"Coastal Carolina","Vermont",-10,"401001057"
231,2,"9:35",575,"Ernie Duncan made Free Throw.",58,54,"Coastal Carolina","Vermont",-10,"401001057"
232,2,"9:25",565,"Zac Cuthbertson missed Three Point Jumper.",58,54,"Coastal Carolina","Vermont",-10,"401001057"
233,2,"9:25",565,"Drew Urquhart Defensive Rebound.",58,54,"Coastal Carolina","Vermont",-10,"401001057"
234,2,"9:14",554,"Ernie Duncan made Three Point Jumper. Assisted by Trae Bell-Haynes.",61,54,"Coastal Carolina","Vermont",-10,"401001057"
235,2,"9:05",545,"Coastal Carolina  Timeout",61,54,"Coastal Carolina","Vermont",-10,"401001057"
236,2,"8:50",530,"Foul on Everett Duncan.",61,54,"Coastal Carolina","Vermont",-10,"401001057"
237,2,"8:38",518,"Matt Lindsey missed Three Point Jumper.",61,54,"Coastal Carolina","Vermont",-10,"401001057"
238,2,"8:38",518,"Coastal Carolina Offensive Rebound.",61,54,"Coastal Carolina","Vermont",-10,"401001057"
239,2,"8:29",509,"Jaylen Shaw missed Layup.",61,54,"Coastal Carolina","Vermont",-10,"401001057"
240,2,"8:29",509,"Trae Bell-Haynes Defensive Rebound.",61,54,"Coastal Carolina","Vermont",-10,"401001057"
241,2,"8:04",484,"Ernie Duncan made Layup.",63,54,"Coastal Carolina","Vermont",-10,"401001057"
242,2,"7:49",469,"Zac Cuthbertson missed Three Point Jumper.",63,54,"Coastal Carolina","Vermont",-10,"401001057"
243,2,"7:49",469,"Ernie Duncan Defensive Rebound.",63,54,"Coastal Carolina","Vermont",-10,"401001057"
244,2,"7:31",451,"Official TV Timeout",63,54,"Coastal Carolina","Vermont",-10,"401001057"
245,2,"7:17",437,"Drew Urquhart missed Three Point Jumper.",63,54,"Coastal Carolina","Vermont",-10,"401001057"
246,2,"7:17",437,"Coastal Carolina Defensive Rebound.",63,54,"Coastal Carolina","Vermont",-10,"401001057"
247,2,"6:52",412,"Demario Beck made Layup. Assisted by Jaylen Shaw.",63,56,"Coastal Carolina","Vermont",-10,"401001057"
248,2,"6:25",385,"Foul on Demario Beck.",63,56,"Coastal Carolina","Vermont",-10,"401001057"
249,2,"6:25",385,"Drew Urquhart made Free Throw.",64,56,"Coastal Carolina","Vermont",-10,"401001057"
250,2,"6:25",385,"Drew Urquhart made Free Throw.",65,56,"Coastal Carolina","Vermont",-10,"401001057"
251,2,"6:04",364,"Demario Beck made Jumper. Assisted by Jaylen Shaw.",65,58,"Coastal Carolina","Vermont",-10,"401001057"
252,2,"5:35",335,"Ernie Duncan made Layup.",67,58,"Coastal Carolina","Vermont",-10,"401001057"
253,2,"5:10",310,"Matt Lindsey missed Jumper.",67,58,"Coastal Carolina","Vermont",-10,"401001057"
254,2,"5:10",310,"Drew Urquhart Defensive Rebound.",67,58,"Coastal Carolina","Vermont",-10,"401001057"
255,2,"4:44",284,"Trae Bell-Haynes Turnover.",67,58,"Coastal Carolina","Vermont",-10,"401001057"
256,2,"4:42",282,"Jaylen Shaw Steal.",67,58,"Coastal Carolina","Vermont",-10,"401001057"
257,2,"4:35",275,"Ajay Sanders missed Jumper.",67,58,"Coastal Carolina","Vermont",-10,"401001057"
258,2,"4:35",275,"Drew Urquhart Defensive Rebound.",67,58,"Coastal Carolina","Vermont",-10,"401001057"
259,2,"4:30",270,"Foul on Josh Coleman.",67,58,"Coastal Carolina","Vermont",-10,"401001057"
260,2,"4:30",270,"Foul on Drew Urquhart.",67,58,"Coastal Carolina","Vermont",-10,"401001057"
261,2,"4:30",270,"Technical Foul on Drew Urquhart.",67,58,"Coastal Carolina","Vermont",-10,"401001057"
262,2,"4:30",270,"Drew Urquhart made Free Throw.",68,58,"Coastal Carolina","Vermont",-10,"401001057"
263,2,"4:30",270,"Drew Urquhart missed Free Throw.",68,58,"Coastal Carolina","Vermont",-10,"401001057"
264,2,"4:30",270,"Vermont Deadball Team Rebound.",68,58,"Coastal Carolina","Vermont",-10,"401001057"
265,2,"4:30",270,"Jaylen Shaw made Free Throw.",68,59,"Coastal Carolina","Vermont",-10,"401001057"
266,2,"4:30",270,"Jaylen Shaw made Free Throw.",68,60,"Coastal Carolina","Vermont",-10,"401001057"
267,2,"4:13",253,"Artur Labinowicz missed Three Point Jumper.",68,60,"Coastal Carolina","Vermont",-10,"401001057"
268,2,"4:13",253,"Drew Urquhart Defensive Rebound.",68,60,"Coastal Carolina","Vermont",-10,"401001057"
269,2,"3:49",229,"Ernie Duncan made Jumper.",70,60,"Coastal Carolina","Vermont",-10,"401001057"
270,2,"3:32",212,"Jaylen Shaw made Jumper.",70,62,"Coastal Carolina","Vermont",-10,"401001057"
271,2,"3:03",183,"Foul on Zac Cuthbertson.",70,62,"Coastal Carolina","Vermont",-10,"401001057"
272,2,"3:03",183,"Official TV Timeout",70,62,"Coastal Carolina","Vermont",-10,"401001057"
273,2,"3:03",183,"Anthony Lamb made Free Throw.",71,62,"Coastal Carolina","Vermont",-10,"401001057"
274,2,"3:03",183,"Anthony Lamb made Free Throw.",72,62,"Coastal Carolina","Vermont",-10,"401001057"
275,2,"2:40",160,"Jaylen Shaw missed Three Point Jumper.",72,62,"Coastal Carolina","Vermont",-10,"401001057"
276,2,"2:40",160,"Payton Henson Defensive Rebound.",72,62,"Coastal Carolina","Vermont",-10,"401001057"
277,2,"2:32",152,"Vermont  Timeout",72,62,"Coastal Carolina","Vermont",-10,"401001057"
278,2,"2:19",139,"Payton Henson missed Three Point Jumper.",72,62,"Coastal Carolina","Vermont",-10,"401001057"
279,2,"2:19",139,"Josh Coleman Defensive Rebound.",72,62,"Coastal Carolina","Vermont",-10,"401001057"
280,2,"2:04",124,"Jaylen Shaw missed Jumper.",72,62,"Coastal Carolina","Vermont",-10,"401001057"
281,2,"2:04",124,"Vermont Defensive Rebound.",72,62,"Coastal Carolina","Vermont",-10,"401001057"
282,2,"1:55",115,"Foul on Jaylen Shaw.",72,62,"Coastal Carolina","Vermont",-10,"401001057"
283,2,"1:55",115,"Trae Bell-Haynes made Free Throw.",73,62,"Coastal Carolina","Vermont",-10,"401001057"
284,2,"1:55",115,"Trae Bell-Haynes missed Free Throw.",73,62,"Coastal Carolina","Vermont",-10,"401001057"
285,2,"1:55",115,"Zac Cuthbertson Defensive Rebound.",73,62,"Coastal Carolina","Vermont",-10,"401001057"
286,2,"1:46",106,"Artur Labinowicz made Three Point Jumper. Assisted by Jaylen Shaw.",73,65,"Coastal Carolina","Vermont",-10,"401001057"
287,2,"1:44",104,"Coastal Carolina  Timeout",73,65,"Coastal Carolina","Vermont",-10,"401001057"
288,2,"1:11",71,"Drew Urquhart made Dunk. Assisted by Ernie Duncan.",75,65,"Coastal Carolina","Vermont",-10,"401001057"
289,2,"1:07",67,"Christian Adams Turnover.",75,65,"Coastal Carolina","Vermont",-10,"401001057"
290,2,"0:48",48,"Drew Urquhart made Layup. Assisted by Trae Bell-Haynes.",77,65,"Coastal Carolina","Vermont",-10,"401001057"
291,2,"0:48",48,"Foul on Josh Coleman.",77,65,"Coastal Carolina","Vermont",-10,"401001057"
292,2,"0:48",48,"Drew Urquhart made Free Throw.",78,65,"Coastal Carolina","Vermont",-10,"401001057"
293,2,"0:30",30,"Trae Bell-Haynes missed Jumper.",78,65,"Coastal Carolina","Vermont",-10,"401001057"
294,2,"0:22",22,"Artur Labinowicz Offensive Rebound.",78,65,"Coastal Carolina","Vermont",-10,"401001057"
295,2,"0:22",22,"Artur Labinowicz Turnover.",78,65,"Coastal Carolina","Vermont",-10,"401001057"
296,2,"0:22",22,"Foul on Josh Coleman.",78,65,"Coastal Carolina","Vermont",-10,"401001057"
297,2,"0:22",22,"Trae Bell-Haynes made Free Throw.",79,65,"Coastal Carolina","Vermont",-10,"401001057"
298,2,"0:22",22,"Trae Bell-Haynes made Free Throw.",80,65,"Coastal Carolina","Vermont",-10,"401001057"
299,2,"0:11",11,"Amidou Bamba made Jumper. Assisted by Artur Labinowicz.",80,67,"Coastal Carolina","Vermont",-10,"401001057"
300,2,"0:00",0,"End of Game",80,67,"Coastal Carolina","Vermont",-10,"401001057"
